Workbook

Sheet PROGRAMACAO
A1: Column1 | B1: Column2 | C1: Column3 | D1: Column4 | E1: Column5 | F1: Column6 | G1: Column7 | H1: Column8 | I1: Column9 | J1: Column10 | K1: Column11 | L1: Column12 | M1: Column13 | N1: Column14 | O1: Column15 | P1: Column16 | Q1: LATITUDE | R1: LONGITUDE | S1: CLIENTES PREVISTOS | T1: PROJETO KIT | U1: PROJETO MEDIDOR | V1: AR COELBA | W1: VISITA PRÉVIA | X1: OBSERVAÇÃO DA VISITA | Y1: ANÁLISE PRÉ FECH | Z1: SOLICITAÇÃO DE RESERVA
A2: ENCARREGADO | B2: SUPERVISOR | C2: PROJETO | D2: TITULO | E2: MUNICIPIO | F2: CRITÉRIO | G2: ANOTAÇÕES | H2: POSTE PREV | I2: INICIO | J2: TERMINO | K2: OBRA DA SEMANA | L2: MOTIVO DO ATRASO | M2: NECESSIDADE | N2: PROGRAMAÇÃO LV | O2: CAVA EXEC | Q2: =VLOOKUP(pub?gid_1064752002_single_true_output_csv[[#This Row],[Column3]],UTDNOVEMBRO!B:AQ,42,FALSE) -> #N/A | R2: =VLOOKUP(pub?gid_1064752002_single_true_output_csv[[#This Row],[Column3]],UTDNOVEMBRO!B:AU,43,FALSE) -> #N/A | S2: =VLOOKUP(pub?gid_1064752002_single_true_output_csv[[#This Row],[Column3]],UTDNOVEMBRO!B:AC,28,FALSE) -> #N/A | T2: =VLOOKUP(pub?gid_1064752002_single_true_output_csv[[#This Row],[Column3]],UTDNOVEMBRO!B:C,2,FALSE) -> #N/A | U2: =VLOOKUP(pub?gid_1064752002_single_true_output_csv[[#This Row],[Column3]],UTDNOVEMBRO!B:D,3,FALSE) -> #N/A | V2: =VLOOKUP(pub?gid_1064752002_single_true_output_csv[[#This Row],[Column3]],UTDNOVEMBRO!B:K,10,FALSE) -> #N/A | W2: =VLOOKUP(pub?gid_1064752002_single_true_output_csv[[#This Row],[Column3]],UTDNOVEMBRO!B:N,13,FALSE) -> #N/A | X2: =VLOOKUP(pub?gid_1064752002_single_true_output_csv[[#This Row],[Column3]],UTDNOVEMBRO!B:O,14,FALSE) -> #N/A | Y2: =VLOOKUP(pub?gid_1064752002_single_true_output_csv[[#This Row],[Column3]],UTDNOVEMBRO!B:P,15,FALSE) -> #N/A | Z2: =VLOOKUP(pub?gid_1064752002_single_true_output_csv[[#This Row],[Column3]],UTDNOVEMBRO!B:Q,15,FALSE) -> #N/A
A3: ALEX SANDRO | B3: DJALMA | C3: B-1214123 | D3: IP-SEIN-RUA-JOAO DOURADO-NOVO CANAL | E3: JOÃO DOURADO | F3: GOVERNO | G3: OBRA DE INFLAESTRUTURA IP | H3: 54 | I3: 03/11/2025 | J3: 30/11/2025 | K3: ATUANDO | M3: LV | O3: 64 | P3: 47 | Q3: =VLOOKUP(pub?gid_1064752002_single_true_output_csv[[#This Row],[Column3]],UTDNOVEMBRO!B:AQ,42,FALSE) -> -11.346185 | R3: =VLOOKUP(pub?gid_1064752002_single_true_output_csv[[#This Row],[Column3]],UTDNOVEMBRO!B:AU,43,FALSE) -> -41.639873 | S3: =VLOOKUP(pub?gid_1064752002_single_true_output_csv[[#This Row],[Column3]],UTDNOVEMBRO!B:AC,28,FALSE) -> 0 | T3: =VLOOKUP(pub?gid_1064752002_single_true_output_csv[[#This Row],[Column3]],UTDNOVEMBRO!B:C,2,FALSE) | U3: =VLOOKUP(pub?gid_1064752002_single_true_output_csv[[#This Row],[Column3]],UTDNOVEMBRO!B:D,3,FALSE) | V3: =VLOOKUP(pub?gid_1064752002_single_true_output_csv[[#This Row],[Column3]],UTDNOVEMBRO!B:K,10,FALSE) -> PEDRO ANDERSON NERI DE SOUZA - U465037 | W3: =VLOOKUP(pub?gid_1064752002_single_true_output_csv[[#This Row],[Column3]],UTDNOVEMBRO!B:N,13,FALSE) -> 28/10/25 | X3: =VLOOKUP(pub?gid_1064752002_single_true_output_csv[[#This Row],[Column3]],UTDNOVEMBRO!B:O,14,FALSE) -> ALTERAR DERIVAÇÃO. EXTENDER A REDE BT PELOS POSTES DA SEQUENCIA B678842, B678843 | Y3: =VLOOKUP(pub?gid_1064752002_single_true_output_csv[[#This Row],[Column3]],UTDNOVEMBRO!B:P,15,FALSE) -> 29/10/25 | Z3: =VLOOKUP(pub?gid_1064752002_single_true_output_csv[[#This Row],[Column3]],UTDNOVEMBRO!B:Q,15,FALSE) -> 29/10/25
A4: IRISMAR | B4: HIAGO | C4: B-1228719 | D4: AC-CIND-POV-MORRINHO DE ARTURZINHO-RURAL | E4: CANARANA | F4: QLP | G4: ENERGIZADA | H4: 1 | I4: 03/11/2025 | J4: 03/11/2025 | K4: ENERGIZADA | M4: LV | N4: REALIZADO | O4: 1 | P4: 1 | Q4: =VLOOKUP(pub?gid_1064752002_single_true_output_csv[[#This Row],[Column3]],UTDNOVEMBRO!B:AQ,42,FALSE) -> -11,788833 | R4: =VLOOKUP(pub?gid_1064752002_single_true_output_csv[[#This Row],[Column3]],UTDNOVEMBRO!B:AU,43,FALSE) -> -41,768644 | S4: =VLOOKUP(pub?gid_1064752002_single_true_output_csv[[#This Row],[Column3]],UTDNOVEMBRO!B:AC,28,FALSE) -> 0 | T4: =VLOOKUP(pub?gid_1064752002_single_true_output_csv[[#This Row],[Column3]],UTDNOVEMBRO!B:C,2,FALSE) -> N/A | U4: =VLOOKUP(pub?gid_1064752002_single_true_output_csv[[#This Row],[Column3]],UTDNOVEMBRO!B:D,3,FALSE) -> N/A | V4: =VLOOKUP(pub?gid_1064752002_single_true_output_csv[[#This Row],[Column3]],UTDNOVEMBRO!B:K,10,FALSE) -> MANOEL MESSIAS ALENCAR - U359765 | W4: =VLOOKUP(pub?gid_1064752002_single_true_output_csv[[#This Row],[Column3]],UTDNOVEMBRO!B:N,13,FALSE) -> 07/10/25 | X4: =VLOOKUP(pub?gid_1064752002_single_true_output_csv[[#This Row],[Column3]],UTDNOVEMBRO!B:O,14,FALSE) -> NTERCALAR POSTE 11/600 COM TRANSFORMADOR ENTRE OS POSTES | Y4: =VLOOKUP(pub?gid_1064752002_single_true_output_csv[[#This Row],[Column3]],UTDNOVEMBRO!B:P,15,FALSE) -> 07/10/25 | Z4: =VLOOKUP(pub?gid_1064752002_single_true_output_csv[[#This Row],[Column3]],UTDNOVEMBRO!B:Q,15,FALSE) -> 07/10/25
A5: JAILSON | B5: HIAGO | C5: B-1206961 | D5: ER-CIND-POV-CAMPO FORMOSO-RURAL | E5: BARRO ALTO | F5: QLP | G5: ENERGIZADA | H5: 10 | I5: 03/11/2025 | J5: 11/11/2025 | K5: ENERGIZADA | M5: DP | N5: REALIZADO | O5: 10 | P5: 10 | Q5: =VLOOKUP(pub?gid_1064752002_single_true_output_csv[[#This Row],[Column3]],UTDNOVEMBRO!B:AQ,42,FALSE) -> -11,874596 | R5: =VLOOKUP(pub?gid_1064752002_single_true_output_csv[[#This Row],[Column3]],UTDNOVEMBRO!B:AU,43,FALSE) -> -41,850519 | S5: =VLOOKUP(pub?gid_1064752002_single_true_output_csv[[#This Row],[Column3]],UTDNOVEMBRO!B:AC,28,FALSE) -> 1 | T5: =VLOOKUP(pub?gid_1064752002_single_true_output_csv[[#This Row],[Column3]],UTDNOVEMBRO!B:C,2,FALSE) -> N/A | U5: =VLOOKUP(pub?gid_1064752002_single_true_output_csv[[#This Row],[Column3]],UTDNOVEMBRO!B:D,3,FALSE) -> N/A | V5: =VLOOKUP(pub?gid_1064752002_single_true_output_csv[[#This Row],[Column3]],UTDNOVEMBRO!B:K,10,FALSE) -> ALINE LIMA SILVA - U468383 | W5: =VLOOKUP(pub?gid_1064752002_single_true_output_csv[[#This Row],[Column3]],UTDNOVEMBRO!B:N,13,FALSE) -> 13/10/25 | X5: =VLOOKUP(pub?gid_1064752002_single_true_output_csv[[#This Row],[Column3]],UTDNOVEMBRO!B:O,14,FALSE) -> OBRA APITA OARA CONSTRUÇÃO CONFORME PROJETO | Y5: =VLOOKUP(pub?gid_1064752002_single_true_output_csv[[#This Row],[Column3]],UTDNOVEMBRO!B:P,15,FALSE) -> 14/10/25 | Z5: =VLOOKUP(pub?gid_1064752002_single_true_output_csv[[#This Row],[Column3]],UTDNOVEMBRO!B:Q,15,FALSE) -> 14/10/25
A6: IRISMAR | B6: HIAGO | C6: B-1232945 | D6: ER-CIND-POV-ALEIXO-RURAL | E6: IBIPEBA | F6: JUDICIAL | G6: ENERGIZADA | H6: 8 | I6: 05/11/2025 | J6: 06/11/2025 | K6: ENERGIZADA | O6: 5 | P6: 8 | Q6: =VLOOKUP(pub?gid_1064752002_single_true_output_csv[[#This Row],[Column3]],UTDNOVEMBRO!B:AQ,42,FALSE) -> -11.662674 | R6: =VLOOKUP(pub?gid_1064752002_single_true_output_csv[[#This Row],[Column3]],UTDNOVEMBRO!B:AU,43,FALSE) -> -42.010983 | S6: =VLOOKUP(pub?gid_1064752002_single_true_output_csv[[#This Row],[Column3]],UTDNOVEMBRO!B:AC,28,FALSE) -> 5 | T6: =VLOOKUP(pub?gid_1064752002_single_true_output_csv[[#This Row],[Column3]],UTDNOVEMBRO!B:C,2,FALSE) -> B-1235747 | U6: =VLOOKUP(pub?gid_1064752002_single_true_output_csv[[#This Row],[Column3]],UTDNOVEMBRO!B:D,3,FALSE) -> B-1235754 | V6: =VLOOKUP(pub?gid_1064752002_single_true_output_csv[[#This Row],[Column3]],UTDNOVEMBRO!B:K,10,FALSE) -> ALINE LIMA SILVA - U468383 | W6: =VLOOKUP(pub?gid_1064752002_single_true_output_csv[[#This Row],[Column3]],UTDNOVEMBRO!B:N,13,FALSE) -> 28/10/25 | X6: =VLOOKUP(pub?gid_1064752002_single_true_output_csv[[#This Row],[Column3]],UTDNOVEMBRO!B:O,14,FALSE) -> OBRA APITA PARA CONSTRUÇÃO DE ACORDO PROJETO | Y6: =VLOOKUP(pub?gid_1064752002_single_true_output_csv[[#This Row],[Column3]],UTDNOVEMBRO!B:P,15,FALSE) -> 29/10/25 | Z6: =VLOOKUP(pub?gid_1064752002_single_true_output_csv[[#This Row],[Column3]],UTDNOVEMBRO!B:Q,15,FALSE) -> 29/10/25
A7: ALAN | B7: DJALMA | C7: B-1099615 | D7: ER-CIND-POV-PREVINIDO-RURAL | E7: AMÉRICA DOURADA | F7: REPUTACIONAL | G7: ENERGIZADA | H7: 4 | I7: 03/11/2025 | J7: 04/11/2025 | K7: ENERGIZADA | M7: LV | N7: REALIZADO | O7: 0 | P7: 4 | Q7: =VLOOKUP(pub?gid_1064752002_single_true_output_csv[[#This Row],[Column3]],UTDNOVEMBRO!B:AQ,42,FALSE) -> -11,440433 | R7: =VLOOKUP(pub?gid_1064752002_single_true_output_csv[[#This Row],[Column3]],UTDNOVEMBRO!B:AU,43,FALSE) -> -41,601552 | S7: =VLOOKUP(pub?gid_1064752002_single_true_output_csv[[#This Row],[Column3]],UTDNOVEMBRO!B:AC,28,FALSE) -> 3 | T7: =VLOOKUP(pub?gid_1064752002_single_true_output_csv[[#This Row],[Column3]],UTDNOVEMBRO!B:C,2,FALSE) -> B-1231514 | U7: =VLOOKUP(pub?gid_1064752002_single_true_output_csv[[#This Row],[Column3]],UTDNOVEMBRO!B:D,3,FALSE) -> B-1231533 | V7: =VLOOKUP(pub?gid_1064752002_single_true_output_csv[[#This Row],[Column3]],UTDNOVEMBRO!B:K,10,FALSE) -> JOSE ANTONIO SIMAS NETO - U349485 | W7: =VLOOKUP(pub?gid_1064752002_single_true_output_csv[[#This Row],[Column3]],UTDNOVEMBRO!B:N,13,FALSE) -> 09/10/25 | X7: =VLOOKUP(pub?gid_1064752002_single_true_output_csv[[#This Row],[Column3]],UTDNOVEMBRO!B:O,14,FALSE) -> EXISTE UMA OBRA JA EXECUTADA, POREM, NAO TEM TRAFO PARA ATENDER OS CLIENTES. VERIFICAR POSSIBILIDADE DE ATENDER CONFORME OS PONTOS. | Y7: =VLOOKUP(pub?gid_1064752002_single_true_output_csv[[#This Row],[Column3]],UTDNOVEMBRO!B:P,15,FALSE) -> 13/10/25 | Z7: =VLOOKUP(pub?gid_1064752002_single_true_output_csv[[#This Row],[Column3]],UTDNOVEMBRO!B:Q,15,FALSE) -> 13/10/25
A8: MARCOS PAULO | B8: HIAGO | C8: B-1156355 | D8: MP CIND POV DE CEDRO RURAL | E8: GENTIO DO OURO | F8: QLP | G8: ENERGIZADA | H8: 15 | I8: 03/11/2025 | J8: 11/11/2025 | K8: ENERGIZADA | M8: DP/LV | N8: 12/11/2025 | O8: 17 | P8: 12 | Q8: =VLOOKUP(pub?gid_1064752002_single_true_output_csv[[#This Row],[Column3]],UTDNOVEMBRO!B:AQ,42,FALSE) -> -11,630717 | R8: =VLOOKUP(pub?gid_1064752002_single_true_output_csv[[#This Row],[Column3]],UTDNOVEMBRO!B:AU,43,FALSE) -> -42,612684 | S8: =VLOOKUP(pub?gid_1064752002_single_true_output_csv[[#This Row],[Column3]],UTDNOVEMBRO!B:AC,28,FALSE) -> 1 | T8: =VLOOKUP(pub?gid_1064752002_single_true_output_csv[[#This Row],[Column3]],UTDNOVEMBRO!B:C,2,FALSE) -> B-1235762 | U8: =VLOOKUP(pub?gid_1064752002_single_true_output_csv[[#This Row],[Column3]],UTDNOVEMBRO!B:D,3,FALSE) -> B-1156352 | V8: =VLOOKUP(pub?gid_1064752002_single_true_output_csv[[#This Row],[Column3]],UTDNOVEMBRO!B:K,10,FALSE) -> JOSE EDUARDO GOMES DOS SANTOS LIMA - U468835 | W8: =VLOOKUP(pub?gid_1064752002_single_true_output_csv[[#This Row],[Column3]],UTDNOVEMBRO!B:N,13,FALSE) -> 20/10/25 | X8: =VLOOKUP(pub?gid_1064752002_single_true_output_csv[[#This Row],[Column3]],UTDNOVEMBRO!B:O,14,FALSE) -> OBRA APITAR PARA CONSTRUÇÃO CONFORME PROJETO. | Y8: =VLOOKUP(pub?gid_1064752002_single_true_output_csv[[#This Row],[Column3]],UTDNOVEMBRO!B:P,15,FALSE) -> 21/10/25 | Z8: =VLOOKUP(pub?gid_1064752002_single_true_output_csv[[#This Row],[Column3]],UTDNOVEMBRO!B:Q,15,FALSE) -> 21/10/25
A9: EDILSON | B9: DJALMA | C9: B-1227493 | D9: ER-CIND-FAZ-S O JORGE-SOARES | E9: AMÉRICA DOURADA | F9: QLP | G9: DP 18/11 - ADF INTERCALAR POSTE 12/600 N1 TT COM TR 30KvA EM REDE 3X04 13,8Kv | H9: 8 | I9: 13/11/2025 | J9: 18/11/2025 | K9: ATUANDO | M9: DP | O9: 0 | P9: 3 | Q9: =VLOOKUP(pub?gid_1064752002_single_true_output_csv[[#This Row],[Column3]],UTDNOVEMBRO!B:AQ,42,FALSE) -> -11,324178 | R9: =VLOOKUP(pub?gid_1064752002_single_true_output_csv[[#This Row],[Column3]],UTDNOVEMBRO!B:AU,43,FALSE) -> -41,463986 | S9: =VLOOKUP(pub?gid_1064752002_single_true_output_csv[[#This Row],[Column3]],UTDNOVEMBRO!B:AC,28,FALSE) -> 1 | T9: =VLOOKUP(pub?gid_1064752002_single_true_output_csv[[#This Row],[Column3]],UTDNOVEMBRO!B:C,2,FALSE) | U9: =VLOOKUP(pub?gid_1064752002_single_true_output_csv[[#This Row],[Column3]],UTDNOVEMBRO!B:D,3,FALSE) | V9: =VLOOKUP(pub?gid_1064752002_single_true_output_csv[[#This Row],[Column3]],UTDNOVEMBRO!B:K,10,FALSE) -> JOSE ANTONIO SIMAS NETO - U349485 | W9: =VLOOKUP(pub?gid_1064752002_single_true_output_csv[[#This Row],[Column3]],UTDNOVEMBRO!B:N,13,FALSE) -> 09/10/25 | X9: =VLOOKUP(pub?gid_1064752002_single_true_output_csv[[#This Row],[Column3]],UTDNOVEMBRO!B:O,14,FALSE) -> EXECUTAR ADF CONFORME PROJETO. | Y9: =VLOOKUP(pub?gid_1064752002_single_true_output_csv[[#This Row],[Column3]],UTDNOVEMBRO!B:P,15,FALSE) -> 09/10/25 | Z9: =VLOOKUP(pub?gid_1064752002_single_true_output_csv[[#This Row],[Column3]],UTDNOVEMBRO!B:Q,15,FALSE) -> 09/10/25
A10: IRISMAR | B10: HIAGO | C10: B-1152082 | D10: AC - CIND POV ACHADO - RURAL | E10: BARRO ALTO | F10: QLP | G10: DP 13/11 - ADF MT | H10: 0 | I10: 12/11/2025 | J10: 13/11/2025 | K10: ATUANDO | M10: LV | O10: 0 | P10: 0 | Q10: =VLOOKUP(pub?gid_1064752002_single_true_output_csv[[#This Row],[Column3]],UTDNOVEMBRO!B:AQ,42,FALSE) -> -11,808347 | R10: =VLOOKUP(pub?gid_1064752002_single_true_output_csv[[#This Row],[Column3]],UTDNOVEMBRO!B:AU,43,FALSE) -> -41,852638 | S10: =VLOOKUP(pub?gid_1064752002_single_true_output_csv[[#This Row],[Column3]],UTDNOVEMBRO!B:AC,28,FALSE) -> 1 | T10: =VLOOKUP(pub?gid_1064752002_single_true_output_csv[[#This Row],[Column3]],UTDNOVEMBRO!B:C,2,FALSE) -> N/A | U10: =VLOOKUP(pub?gid_1064752002_single_true_output_csv[[#This Row],[Column3]],UTDNOVEMBRO!B:D,3,FALSE) -> N/A | V10: =VLOOKUP(pub?gid_1064752002_single_true_output_csv[[#This Row],[Column3]],UTDNOVEMBRO!B:K,10,FALSE) -> ALINE LIMA SILVA - U468383 | W10: =VLOOKUP(pub?gid_1064752002_single_true_output_csv[[#This Row],[Column3]],UTDNOVEMBRO!B:N,13,FALSE) -> 13/10/25 | X10: =VLOOKUP(pub?gid_1064752002_single_true_output_csv[[#This Row],[Column3]],UTDNOVEMBRO!B:O,14,FALSE) -> OBRA APITA PARA CONSTRUÇÃO | Y10: =VLOOKUP(pub?gid_1064752002_single_true_output_csv[[#This Row],[Column3]],UTDNOVEMBRO!B:P,15,FALSE) -> 14/10/25 | Z10: =VLOOKUP(pub?gid_1064752002_single_true_output_csv[[#This Row],[Column3]],UTDNOVEMBRO!B:Q,15,FALSE) -> 14/10/25
A11: VANILSON | B11: DJALMA | C11: B-1218109 | D11: ER-CIND-POV-FLORESTA IRINEUS-RURAL | E11: JOÃO DOURADO | F11: QLP | G11: N3 PRA N4 EM POSTE EXISTENTE EM REDE 2X04 13,8Kv | H11: 19 | I11: 03/11/2025 | J11: 12/11/2025 | K11: ATRASADA | M11: LV | O11: 17 | P11: 21 | Q11: =VLOOKUP(pub?gid_1064752002_single_true_output_csv[[#This Row],[Column3]],UTDNOVEMBRO!B:AQ,42,FALSE) -> -11,243142 | R11: =VLOOKUP(pub?gid_1064752002_single_true_output_csv[[#This Row],[Column3]],UTDNOVEMBRO!B:AU,43,FALSE) -> -41,548018 | S11: =VLOOKUP(pub?gid_1064752002_single_true_output_csv[[#This Row],[Column3]],UTDNOVEMBRO!B:AC,28,FALSE) -> 2 | T11: =VLOOKUP(pub?gid_1064752002_single_true_output_csv[[#This Row],[Column3]],UTDNOVEMBRO!B:C,2,FALSE) | U11: =VLOOKUP(pub?gid_1064752002_single_true_output_csv[[#This Row],[Column3]],UTDNOVEMBRO!B:D,3,FALSE) | V11: =VLOOKUP(pub?gid_1064752002_single_true_output_csv[[#This Row],[Column3]],UTDNOVEMBRO!B:K,10,FALSE) -> PEDRO ANDERSON NERI DE SOUZA - U465037 | W11: =VLOOKUP(pub?gid_1064752002_single_true_output_csv[[#This Row],[Column3]],UTDNOVEMBRO!B:N,13,FALSE) -> 22/10/25 | X11: =VLOOKUP(pub?gid_1064752002_single_true_output_csv[[#This Row],[Column3]],UTDNOVEMBRO!B:O,14,FALSE) -> OBRA APITAR PARA CONSTRUÇÃO. ADF JÁ FOI CONATRUIDA. DE N3-3 PARA N4-3 LV | Y11: =VLOOKUP(pub?gid_1064752002_single_true_output_csv[[#This Row],[Column3]],UTDNOVEMBRO!B:P,15,FALSE) -> 23/10/25 | Z11: =VLOOKUP(pub?gid_1064752002_single_true_output_csv[[#This Row],[Column3]],UTDNOVEMBRO!B:Q,15,FALSE) -> 23/10/25
A12: JAILSON | B12: HIAGO | C12: B-1207659 | D12: UB-CIND-POV-PENDAO VERMELHO-CENTRO | E12: BARRO ALTO | F12: QLP | G12: DP 19/11 E 21/11 - ADF | H12: 8 | I12: 14/11/2025 | J12: 19/11/2025 | K12: PROGRAMADA | M12: DP/LV | O12: 8 | P12: 2 | Q12: =VLOOKUP(pub?gid_1064752002_single_true_output_csv[[#This Row],[Column3]],UTDNOVEMBRO!B:AQ,42,FALSE) -> -11,870811 | R12: =VLOOKUP(pub?gid_1064752002_single_true_output_csv[[#This Row],[Column3]],UTDNOVEMBRO!B:AU,43,FALSE) -> -41,830110 | S12: =VLOOKUP(pub?gid_1064752002_single_true_output_csv[[#This Row],[Column3]],UTDNOVEMBRO!B:AC,28,FALSE) -> 1 | T12: =VLOOKUP(pub?gid_1064752002_single_true_output_csv[[#This Row],[Column3]],UTDNOVEMBRO!B:C,2,FALSE) -> N/A | U12: =VLOOKUP(pub?gid_1064752002_single_true_output_csv[[#This Row],[Column3]],UTDNOVEMBRO!B:D,3,FALSE) -> N/A | V12: =VLOOKUP(pub?gid_1064752002_single_true_output_csv[[#This Row],[Column3]],UTDNOVEMBRO!B:K,10,FALSE) -> ALINE LIMA SILVA - U468383 | W12: =VLOOKUP(pub?gid_1064752002_single_true_output_csv[[#This Row],[Column3]],UTDNOVEMBRO!B:N,13,FALSE) -> 09/10/25 | X12: =VLOOKUP(pub?gid_1064752002_single_true_output_csv[[#This Row],[Column3]],UTDNOVEMBRO!B:O,14,FALSE) -> OBRAS APITA PARA CONSTRUÇÃO, B-1207659, B-1225231 UMA DEPENDE DA OUTRA NO QUE SE DIZ RESPEITO A ADF. SÃO A MESMA DERIVAÇÃO | Y12: =VLOOKUP(pub?gid_1064752002_single_true_output_csv[[#This Row],[Column3]],UTDNOVEMBRO!B:P,15,FALSE) -> 16/10/25 | Z12: =VLOOKUP(pub?gid_1064752002_single_true_output_csv[[#This Row],[Column3]],UTDNOVEMBRO!B:Q,15,FALSE) -> 16/10/25
A13: JAILSON | B13: HIAGO | C13: B-1225231 | D13: ER-CIND-POV-PENDAO VERMELHO-PENDAO VERME | E13: BARRO ALTO | F13: QLP | G13: N3-3 PARA N4-3 EM POSTE EXISTENTE EM REDE 3X04 13,8Kv | H13: 15 | I13: 20/11/2025 | J13: 25/11/2025 | K13: PROGRAMADA | M13: LV | O13: 14 | P13: 0 | Q13: =VLOOKUP(pub?gid_1064752002_single_true_output_csv[[#This Row],[Column3]],UTDNOVEMBRO!B:AQ,42,FALSE) -> -11,870811 | R13: =VLOOKUP(pub?gid_1064752002_single_true_output_csv[[#This Row],[Column3]],UTDNOVEMBRO!B:AU,43,FALSE) -> -41,830110 | S13: =VLOOKUP(pub?gid_1064752002_single_true_output_csv[[#This Row],[Column3]],UTDNOVEMBRO!B:AC,28,FALSE) -> 1 | T13: =VLOOKUP(pub?gid_1064752002_single_true_output_csv[[#This Row],[Column3]],UTDNOVEMBRO!B:C,2,FALSE) | U13: =VLOOKUP(pub?gid_1064752002_single_true_output_csv[[#This Row],[Column3]],UTDNOVEMBRO!B:D,3,FALSE) | V13: =VLOOKUP(pub?gid_1064752002_single_true_output_csv[[#This Row],[Column3]],UTDNOVEMBRO!B:K,10,FALSE) -> ALINE LIMA SILVA - U468383 | W13: =VLOOKUP(pub?gid_1064752002_single_true_output_csv[[#This Row],[Column3]],UTDNOVEMBRO!B:N,13,FALSE) -> 16/10/25 | X13: =VLOOKUP(pub?gid_1064752002_single_true_output_csv[[#This Row],[Column3]],UTDNOVEMBRO!B:O,14,FALSE) -> OBRAS APITA PARA CONSTRUÇÃO, B-1207659, B-1225231 UMA DEPENDE DA OUTRA NO QUE SE DIZ RESPEITO A ADF. SÃO A MESMA DERIVAÇÃO | Y13: =VLOOKUP(pub?gid_1064752002_single_true_output_csv[[#This Row],[Column3]],UTDNOVEMBRO!B:P,15,FALSE) -> 16/10/25 | Z13: =VLOOKUP(pub?gid_1064752002_single_true_output_csv[[#This Row],[Column3]],UTDNOVEMBRO!B:Q,15,FALSE) -> 16/10/25
A14: JAILSON | B14: HIAGO | C14: B-1210478 | D14: ER-CIND-POV PIMENTA 147-PIMENTA | E14: CAFARNAUM | F14: QLP | G14: N3-3 PARA N4-3 EM POSTE EXISTENTE EM REDE 2X04 13,8Kv | H14: 15 | I14: 26/11/2025 | J14: 30/11/2025 | K14: PROGRAMADA | M14: LV | O14: 1 | P14: 0 | Q14: =VLOOKUP(pub?gid_1064752002_single_true_output_csv[[#This Row],[Column3]],UTDNOVEMBRO!B:AQ,42,FALSE) -> -11,854066 | R14: =VLOOKUP(pub?gid_1064752002_single_true_output_csv[[#This Row],[Column3]],UTDNOVEMBRO!B:AU,43,FALSE) -> -41,613738 | S14: =VLOOKUP(pub?gid_1064752002_single_true_output_csv[[#This Row],[Column3]],UTDNOVEMBRO!B:AC,28,FALSE) -> 1 | T14: =VLOOKUP(pub?gid_1064752002_single_true_output_csv[[#This Row],[Column3]],UTDNOVEMBRO!B:C,2,FALSE) -> X-1235682 | U14: =VLOOKUP(pub?gid_1064752002_single_true_output_csv[[#This Row],[Column3]],UTDNOVEMBRO!B:D,3,FALSE) -> X-1235709 | V14: =VLOOKUP(pub?gid_1064752002_single_true_output_csv[[#This Row],[Column3]],UTDNOVEMBRO!B:K,10,FALSE) -> MANOEL MESSIAS ALENCAR - U359765 | W14: =VLOOKUP(pub?gid_1064752002_single_true_output_csv[[#This Row],[Column3]],UTDNOVEMBRO!B:N,13,FALSE) -> 15/10/25 | X14: =VLOOKUP(pub?gid_1064752002_single_true_output_csv[[#This Row],[Column3]],UTDNOVEMBRO!B:O,14,FALSE) -> A OBRA DERIVA DA ULTIMA N3-3 DA ADF DE PIMENTA B-1156677, ENCABEÇAR REDE MT CONFORME PROJETO. N3-3 PARA N4-3 | Y14: =VLOOKUP(pub?gid_1064752002_single_true_output_csv[[#This Row],[Column3]],UTDNOVEMBRO!B:P,15,FALSE) -> 16/10/25 | Z14: =VLOOKUP(pub?gid_1064752002_single_true_output_csv[[#This Row],[Column3]],UTDNOVEMBRO!B:Q,15,FALSE) -> 16/10/25
A15: EDILSON | B15: DJALMA | C15: B-1207274 | D15: RR-CIND-FAZ-BOA VISTA-RURAL | E15: MORRO DO CHAPÉU | F15: QLP | G15: ENERGIZADA | H15: 12 | I15: 03/11/2025 | J15: 10/11/2025 | K15: ENERGIZADA | M15: DP/LV | N15: REALIZADO | O15: 12 | P15: 10 | Q15: =VLOOKUP(pub?gid_1064752002_single_true_output_csv[[#This Row],[Column3]],UTDNOVEMBRO!B:AQ,42,FALSE) -> -11,633036 | R15: =VLOOKUP(pub?gid_1064752002_single_true_output_csv[[#This Row],[Column3]],UTDNOVEMBRO!B:AU,43,FALSE) -> -41,149286 | S15: =VLOOKUP(pub?gid_1064752002_single_true_output_csv[[#This Row],[Column3]],UTDNOVEMBRO!B:AC,28,FALSE) -> 1 | T15: =VLOOKUP(pub?gid_1064752002_single_true_output_csv[[#This Row],[Column3]],UTDNOVEMBRO!B:C,2,FALSE) -> N/A | U15: =VLOOKUP(pub?gid_1064752002_single_true_output_csv[[#This Row],[Column3]],UTDNOVEMBRO!B:D,3,FALSE) -> N/A | V15: =VLOOKUP(pub?gid_1064752002_single_true_output_csv[[#This Row],[Column3]],UTDNOVEMBRO!B:K,10,FALSE) -> JOSE ANTONIO SIMAS NETO - U349485 | W15: =VLOOKUP(pub?gid_1064752002_single_true_output_csv[[#This Row],[Column3]],UTDNOVEMBRO!B:N,13,FALSE) -> 13/10/25 | X15: =VLOOKUP(pub?gid_1064752002_single_true_output_csv[[#This Row],[Column3]],UTDNOVEMBRO!B:O,14,FALSE) -> BITOLA DO CABO NA DERIVAÇÃO É MAIOR. E NAO POSSUI CONEC. ESTRIBO. | Y15: =VLOOKUP(pub?gid_1064752002_single_true_output_csv[[#This Row],[Column3]],UTDNOVEMBRO!B:P,15,FALSE) -> 13/10/25 | Z15: =VLOOKUP(pub?gid_1064752002_single_true_output_csv[[#This Row],[Column3]],UTDNOVEMBRO!B:Q,15,FALSE) -> 13/10/25
A16: WILIAN SILVA | B16: DJALMA | C16: B-1227809 | D16: ER-CIND-POV-ASSENTAMENTO SERRA AZUL-SERR | E16: JOÃO DOURADO | F16: QLP | G16: N3 PARA N4 EM POSTE EXISTENTE EM REDE 3X04 13,8Kv | H16: 29 | I16: 03/11/2025 | J16: 14/11/2025 | K16: ATUANDO | L16: CAVA EM ROCHA | M16: LV | O16: 14 | P16: 3 | Q16: =VLOOKUP(pub?gid_1064752002_single_true_output_csv[[#This Row],[Column3]],UTDNOVEMBRO!B:AQ,42,FALSE) -> -11,156158 | R16: =VLOOKUP(pub?gid_1064752002_single_true_output_csv[[#This Row],[Column3]],UTDNOVEMBRO!B:AU,43,FALSE) -> -41,404053 | S16: =VLOOKUP(pub?gid_1064752002_single_true_output_csv[[#This Row],[Column3]],UTDNOVEMBRO!B:AC,28,FALSE) -> 1 | T16: =VLOOKUP(pub?gid_1064752002_single_true_output_csv[[#This Row],[Column3]],UTDNOVEMBRO!B:C,2,FALSE) | U16: =VLOOKUP(pub?gid_1064752002_single_true_output_csv[[#This Row],[Column3]],UTDNOVEMBRO!B:D,3,FALSE) | V16: =VLOOKUP(pub?gid_1064752002_single_true_output_csv[[#This Row],[Column3]],UTDNOVEMBRO!B:K,10,FALSE) -> PEDRO ANDERSON NERI DE SOUZA - U465037 | W16: =VLOOKUP(pub?gid_1064752002_single_true_output_csv[[#This Row],[Column3]],UTDNOVEMBRO!B:N,13,FALSE) -> 09/10/25 | X16: =VLOOKUP(pub?gid_1064752002_single_true_output_csv[[#This Row],[Column3]],UTDNOVEMBRO!B:O,14,FALSE) -> JA EXISTE UMA OBRA SAINDO DA DERIVAÇÃO EM QUESTAO QUE AINDA ESTA EM EXECUÇÃO, POREM, NA PRIMEIRA N3-3 AO INVES DE IR PRA ESQUERDA VAI PRA DIREITA. | Y16: =VLOOKUP(pub?gid_1064752002_single_true_output_csv[[#This Row],[Column3]],UTDNOVEMBRO!B:P,15,FALSE) -> 21/10/25 | Z16: =VLOOKUP(pub?gid_1064752002_single_true_output_csv[[#This Row],[Column3]],UTDNOVEMBRO!B:Q,15,FALSE) -> 21/10/25
A17: IRISMAR | B17: HIAGO | C17: B-1228895 | D17: ER-CIND-POV-LADEIRA VERMELHA-RURAL | E17: CANARANA | F17: QLP | G17: ENERGIZADA | H17: 3 | I17: 04/11/2025 | J17: 04/11/2025 | K17: ENERGIZADA | O17: 3 | P17: 3 | Q17: =VLOOKUP(pub?gid_1064752002_single_true_output_csv[[#This Row],[Column3]],UTDNOVEMBRO!B:AQ,42,FALSE) -> -11.831079 | R17: =VLOOKUP(pub?gid_1064752002_single_true_output_csv[[#This Row],[Column3]],UTDNOVEMBRO!B:AU,43,FALSE) -> -41.74908 | S17: =VLOOKUP(pub?gid_1064752002_single_true_output_csv[[#This Row],[Column3]],UTDNOVEMBRO!B:AC,28,FALSE) -> 1 | T17: =VLOOKUP(pub?gid_1064752002_single_true_output_csv[[#This Row],[Column3]],UTDNOVEMBRO!B:C,2,FALSE) -> N/A | U17: =VLOOKUP(pub?gid_1064752002_single_true_output_csv[[#This Row],[Column3]],UTDNOVEMBRO!B:D,3,FALSE) -> N/A | V17: =VLOOKUP(pub?gid_1064752002_single_true_output_csv[[#This Row],[Column3]],UTDNOVEMBRO!B:K,10,FALSE) -> MANOEL MESSIAS ALENCAR - U359765 | W17: =VLOOKUP(pub?gid_1064752002_single_true_output_csv[[#This Row],[Column3]],UTDNOVEMBRO!B:N,13,FALSE) -> 15/10/25 | X17: =VLOOKUP(pub?gid_1064752002_single_true_output_csv[[#This Row],[Column3]],UTDNOVEMBRO!B:O,14,FALSE) -> ENCABEÇAR REDE CONFORME PROJETO | Y17: =VLOOKUP(pub?gid_1064752002_single_true_output_csv[[#This Row],[Column3]],UTDNOVEMBRO!B:P,15,FALSE) -> 17/10/25 | Z17: =VLOOKUP(pub?gid_1064752002_single_true_output_csv[[#This Row],[Column3]],UTDNOVEMBRO!B:Q,15,FALSE) -> 17/10/25
A18: FELIPE | B18: RENATO | C18: B-1227844 | D18: AC-CIND-POV-PAU D ARCO 69-RURAL | E18: CENTRAL | F18: QLP | G18: ENERGIZADA | H18: 4 | I18: 03/11/2025 | J18: 03/11/2025 | K18: ENERGIZADA | O18: 4 | P18: 4 | Q18: =VLOOKUP(pub?gid_1064752002_single_true_output_csv[[#This Row],[Column3]],UTDNOVEMBRO!B:AQ,42,FALSE) -> -11,057811 | R18: =VLOOKUP(pub?gid_1064752002_single_true_output_csv[[#This Row],[Column3]],UTDNOVEMBRO!B:AU,43,FALSE) -> -42,155731 | S18: =VLOOKUP(pub?gid_1064752002_single_true_output_csv[[#This Row],[Column3]],UTDNOVEMBRO!B:AC,28,FALSE) -> 1 | T18: =VLOOKUP(pub?gid_1064752002_single_true_output_csv[[#This Row],[Column3]],UTDNOVEMBRO!B:C,2,FALSE) -> N/A | U18: =VLOOKUP(pub?gid_1064752002_single_true_output_csv[[#This Row],[Column3]],UTDNOVEMBRO!B:D,3,FALSE) -> N/A | V18: =VLOOKUP(pub?gid_1064752002_single_true_output_csv[[#This Row],[Column3]],UTDNOVEMBRO!B:K,10,FALSE) -> JARBAS LIMA VIEIRA - U348612 | W18: =VLOOKUP(pub?gid_1064752002_single_true_output_csv[[#This Row],[Column3]],UTDNOVEMBRO!B:N,13,FALSE) -> 14/10/25 | X18: =VLOOKUP(pub?gid_1064752002_single_true_output_csv[[#This Row],[Column3]],UTDNOVEMBRO!B:O,14,FALSE) -> OBRA APITA PARA CONSTRUÇÃO CONFORME PROJETO | Y18: =VLOOKUP(pub?gid_1064752002_single_true_output_csv[[#This Row],[Column3]],UTDNOVEMBRO!B:P,15,FALSE) -> 15/10/25 | Z18: =VLOOKUP(pub?gid_1064752002_single_true_output_csv[[#This Row],[Column3]],UTDNOVEMBRO!B:Q,15,FALSE) -> 15/10/25
A19: FELIPE | B19: RENATO | C19: B-1228890 | D19: ER-CIND-POV-ROCADINHO-RURAL | E19: CENTRAL | F19: QLP | G19: ENERGIZADA | H19: 6 | I19: 04/11/2025 | J19: 05/11/2025 | K19: ENERGIZADA | O19: 6 | P19: 6 | Q19: =VLOOKUP(pub?gid_1064752002_single_true_output_csv[[#This Row],[Column3]],UTDNOVEMBRO!B:AQ,42,FALSE) -> -11.139252 | R19: =VLOOKUP(pub?gid_1064752002_single_true_output_csv[[#This Row],[Column3]],UTDNOVEMBRO!B:AU,43,FALSE) -> -42.05577 | S19: =VLOOKUP(pub?gid_1064752002_single_true_output_csv[[#This Row],[Column3]],UTDNOVEMBRO!B:AC,28,FALSE) -> 1 | T19: =VLOOKUP(pub?gid_1064752002_single_true_output_csv[[#This Row],[Column3]],UTDNOVEMBRO!B:C,2,FALSE) -> N/A | U19: =VLOOKUP(pub?gid_1064752002_single_true_output_csv[[#This Row],[Column3]],UTDNOVEMBRO!B:D,3,FALSE) -> N/A | V19: =VLOOKUP(pub?gid_1064752002_single_true_output_csv[[#This Row],[Column3]],UTDNOVEMBRO!B:K,10,FALSE) -> JARBAS LIMA VIEIRA - U348612 | W19: =VLOOKUP(pub?gid_1064752002_single_true_output_csv[[#This Row],[Column3]],UTDNOVEMBRO!B:N,13,FALSE) -> 14/10/25 | X19: =VLOOKUP(pub?gid_1064752002_single_true_output_csv[[#This Row],[Column3]],UTDNOVEMBRO!B:O,14,FALSE) -> OBRA APITA PARA CONSTRUÇÃO CONFORME PROJETO | Y19: =VLOOKUP(pub?gid_1064752002_single_true_output_csv[[#This Row],[Column3]],UTDNOVEMBRO!B:P,15,FALSE) -> 16/10/25 | Z19: =VLOOKUP(pub?gid_1064752002_single_true_output_csv[[#This Row],[Column3]],UTDNOVEMBRO!B:Q,15,FALSE) -> 16/10/25
A20: ENES | B20: RENATO | C20: B-1231419 | D20: ER-CIND-FAZ-BELA VISTA-RURAL | E20: PRESIDENTE DUTRA | F20: QLP | G20: N3 PARA N4 EM POSTE EXISTENTE EM REDE 3X04 13,8Kv | H20: 23 | I20: 04/11/2025 | J20: 30/11/2025 | K20: ATUANDO | M20: LV | O20: 23 | P20: 0 | Q20: =VLOOKUP(pub?gid_1064752002_single_true_output_csv[[#This Row],[Column3]],UTDNOVEMBRO!B:AQ,42,FALSE) -> -11.392045 | R20: =VLOOKUP(pub?gid_1064752002_single_true_output_csv[[#This Row],[Column3]],UTDNOVEMBRO!B:AU,43,FALSE) -> -42.000308 | S20: =VLOOKUP(pub?gid_1064752002_single_true_output_csv[[#This Row],[Column3]],UTDNOVEMBRO!B:AC,28,FALSE) -> 1 | T20: =VLOOKUP(pub?gid_1064752002_single_true_output_csv[[#This Row],[Column3]],UTDNOVEMBRO!B:C,2,FALSE) -> B-1235122 | U20: =VLOOKUP(pub?gid_1064752002_single_true_output_csv[[#This Row],[Column3]],UTDNOVEMBRO!B:D,3,FALSE) -> B-1235135 | V20: =VLOOKUP(pub?gid_1064752002_single_true_output_csv[[#This Row],[Column3]],UTDNOVEMBRO!B:K,10,FALSE) -> JARBAS LIMA VIEIRA - U348612 | W20: =VLOOKUP(pub?gid_1064752002_single_true_output_csv[[#This Row],[Column3]],UTDNOVEMBRO!B:N,13,FALSE) -> 27/10/25 | X20: =VLOOKUP(pub?gid_1064752002_single_true_output_csv[[#This Row],[Column3]],UTDNOVEMBRO!B:O,14,FALSE) -> OBRA APITA PARA CONSTRUÇÃO, | Y20: =VLOOKUP(pub?gid_1064752002_single_true_output_csv[[#This Row],[Column3]],UTDNOVEMBRO!B:P,15,FALSE) -> 27/10/25 | Z20: =VLOOKUP(pub?gid_1064752002_single_true_output_csv[[#This Row],[Column3]],UTDNOVEMBRO!B:Q,15,FALSE) -> 27/10/25
A21: JARBAS | B21: HIAGO | C21: B-1214286 | D21: ER-CIND-POV-MELADOR 25461-MELADOR | E21: CANARANA | F21: QLP | G21: DP 20/11 - ADF EM REDE 3X04 13,8Kv - TR 30KvA 34,5Kv | H21: 15 | I21: 04/11/2025 | J21: 20/11/2025 | K21: ATUANDO | M21: DP/LV | N21: REALIZADO | O21: 15 | P21: 15 | Q21: =VLOOKUP(pub?gid_1064752002_single_true_output_csv[[#This Row],[Column3]],UTDNOVEMBRO!B:AQ,42,FALSE) -> -11,907336 | R21: =VLOOKUP(pub?gid_1064752002_single_true_output_csv[[#This Row],[Column3]],UTDNOVEMBRO!B:AU,43,FALSE) -> -41,702260 | S21: =VLOOKUP(pub?gid_1064752002_single_true_output_csv[[#This Row],[Column3]],UTDNOVEMBRO!B:AC,28,FALSE) -> 0 | T21: =VLOOKUP(pub?gid_1064752002_single_true_output_csv[[#This Row],[Column3]],UTDNOVEMBRO!B:C,2,FALSE) | U21: =VLOOKUP(pub?gid_1064752002_single_true_output_csv[[#This Row],[Column3]],UTDNOVEMBRO!B:D,3,FALSE) | V21: =VLOOKUP(pub?gid_1064752002_single_true_output_csv[[#This Row],[Column3]],UTDNOVEMBRO!B:K,10,FALSE) -> MANOEL MESSIAS ALENCAR - U359765 | W21: =VLOOKUP(pub?gid_1064752002_single_true_output_csv[[#This Row],[Column3]],UTDNOVEMBRO!B:N,13,FALSE) -> 08/10/25 | X21: =VLOOKUP(pub?gid_1064752002_single_true_output_csv[[#This Row],[Column3]],UTDNOVEMBRO!B:O,14,FALSE) -> ADICIONAR FASE CONFORME PROJETO. | Y21: =VLOOKUP(pub?gid_1064752002_single_true_output_csv[[#This Row],[Column3]],UTDNOVEMBRO!B:P,15,FALSE) -> 09/10/25 | Z21: =VLOOKUP(pub?gid_1064752002_single_true_output_csv[[#This Row],[Column3]],UTDNOVEMBRO!B:Q,15,FALSE) -> 09/10/25
A22: MARCOS PAULO | B22: HIAGO | C22: B-1228814 | D22: AC-CIND-POV-VELAME-RURAL | E22: IBIPEBA | F22: QLP | G22: DP 14/11 - ADF SUBSTITUIÇÃO DE TR 10KvA POR 30KvA E CONDUTOR DE BT | H22: 0 | I22: 14/11/2025 | J22: 14/11/2025 | K22: PROGRAMADA | M22: DP | O22: 0 | P22: 0 | Q22: =VLOOKUP(pub?gid_1064752002_single_true_output_csv[[#This Row],[Column3]],UTDNOVEMBRO!B:AQ,42,FALSE) -> -11.449132 | R22: =VLOOKUP(pub?gid_1064752002_single_true_output_csv[[#This Row],[Column3]],UTDNOVEMBRO!B:AU,43,FALSE) -> -42.262552 | S22: =VLOOKUP(pub?gid_1064752002_single_true_output_csv[[#This Row],[Column3]],UTDNOVEMBRO!B:AC,28,FALSE) -> 0 | T22: =VLOOKUP(pub?gid_1064752002_single_true_output_csv[[#This Row],[Column3]],UTDNOVEMBRO!B:C,2,FALSE) -> N/A | U22: =VLOOKUP(pub?gid_1064752002_single_true_output_csv[[#This Row],[Column3]],UTDNOVEMBRO!B:D,3,FALSE) -> N/A | V22: =VLOOKUP(pub?gid_1064752002_single_true_output_csv[[#This Row],[Column3]],UTDNOVEMBRO!B:K,10,FALSE) -> ALINE LIMA SILVA - U468383 | W22: =VLOOKUP(pub?gid_1064752002_single_true_output_csv[[#This Row],[Column3]],UTDNOVEMBRO!B:N,13,FALSE) -> 23/10/25 | X22: =VLOOKUP(pub?gid_1064752002_single_true_output_csv[[#This Row],[Column3]],UTDNOVEMBRO!B:O,14,FALSE) -> OBRA APITAR PARA CONSTRUÇÃO CONFORME PROJETO. | Y22: =VLOOKUP(pub?gid_1064752002_single_true_output_csv[[#This Row],[Column3]],UTDNOVEMBRO!B:P,15,FALSE) -> 24/10/25 | Z22: =VLOOKUP(pub?gid_1064752002_single_true_output_csv[[#This Row],[Column3]],UTDNOVEMBRO!B:Q,15,FALSE) -> 24/10/25
A23: EDIMILSON | B23: HIAGO | C23: B-1228709 | D23: ER-CIND-POV-LAGOA DO ESTEVAO-RURAL | E23: IBITITÁ | F23: QLP | G23: ENERGIZADA | H23: 4 | I23: 03/11/2025 | J23: 03/11/2025 | K23: ENERGIZADA | O23: 4 | P23: 4 | Q23: =VLOOKUP(pub?gid_1064752002_single_true_output_csv[[#This Row],[Column3]],UTDNOVEMBRO!B:AQ,42,FALSE) -> -11,595705 | R23: =VLOOKUP(pub?gid_1064752002_single_true_output_csv[[#This Row],[Column3]],UTDNOVEMBRO!B:AU,43,FALSE) -> -41,855320 | S23: =VLOOKUP(pub?gid_1064752002_single_true_output_csv[[#This Row],[Column3]],UTDNOVEMBRO!B:AC,28,FALSE) -> 1 | T23: =VLOOKUP(pub?gid_1064752002_single_true_output_csv[[#This Row],[Column3]],UTDNOVEMBRO!B:C,2,FALSE) -> B-1235745 | U23: =VLOOKUP(pub?gid_1064752002_single_true_output_csv[[#This Row],[Column3]],UTDNOVEMBRO!B:D,3,FALSE) -> B-1235750 | V23: =VLOOKUP(pub?gid_1064752002_single_true_output_csv[[#This Row],[Column3]],UTDNOVEMBRO!B:K,10,FALSE) -> ALINE LIMA SILVA - U468383 | W23: =VLOOKUP(pub?gid_1064752002_single_true_output_csv[[#This Row],[Column3]],UTDNOVEMBRO!B:N,13,FALSE) -> 08/10/25 | X23: =VLOOKUP(pub?gid_1064752002_single_true_output_csv[[#This Row],[Column3]],UTDNOVEMBRO!B:O,14,FALSE) -> OBRA APITA PARA CONSTRUÇÃO.CONFOME PROJETO _x000D_ ENCABEÇAR DE REDE BT_x000D_ | Y23: =VLOOKUP(pub?gid_1064752002_single_true_output_csv[[#This Row],[Column3]],UTDNOVEMBRO!B:P,15,FALSE) -> 09/10/25 | Z23: =VLOOKUP(pub?gid_1064752002_single_true_output_csv[[#This Row],[Column3]],UTDNOVEMBRO!B:Q,15,FALSE) -> 09/10/25
A24: EDIMILSON | B24: HIAGO | C24: B-1230299 | D24: ER-CIND-POV-LAGEDAO-RURAL | E24: IBITITÁ | F24: QLP | G24: DP 14/11 - N3 PARA N3 EM REDE 3X04 13,8Kv | H24: 43 | I24: 04/11/2025 | J24: 30/11/2025 | K24: ATUANDO | M24: DP/LV | N24: 14/11/2025 | O24: 45 | P24: 34 | Q24: =VLOOKUP(pub?gid_1064752002_single_true_output_csv[[#This Row],[Column3]],UTDNOVEMBRO!B:AQ,42,FALSE) -> -11.542334 | R24: =VLOOKUP(pub?gid_1064752002_single_true_output_csv[[#This Row],[Column3]],UTDNOVEMBRO!B:AU,43,FALSE) -> -41.883423 | S24: =VLOOKUP(pub?gid_1064752002_single_true_output_csv[[#This Row],[Column3]],UTDNOVEMBRO!B:AC,28,FALSE) -> 2 | T24: =VLOOKUP(pub?gid_1064752002_single_true_output_csv[[#This Row],[Column3]],UTDNOVEMBRO!B:C,2,FALSE) -> CRIAR | U24: =VLOOKUP(pub?gid_1064752002_single_true_output_csv[[#This Row],[Column3]],UTDNOVEMBRO!B:D,3,FALSE) -> CRIAR | V24: =VLOOKUP(pub?gid_1064752002_single_true_output_csv[[#This Row],[Column3]],UTDNOVEMBRO!B:K,10,FALSE) -> ALINE LIMA SILVA - U468383 | W24: =VLOOKUP(pub?gid_1064752002_single_true_output_csv[[#This Row],[Column3]],UTDNOVEMBRO!B:N,13,FALSE) -> 17/10/25 | X24: =VLOOKUP(pub?gid_1064752002_single_true_output_csv[[#This Row],[Column3]],UTDNOVEMBRO!B:O,14,FALSE) -> OBRA APITAR PARA CONSTRUÇÃO CONFORME PROJETO. | Y24: =VLOOKUP(pub?gid_1064752002_single_true_output_csv[[#This Row],[Column3]],UTDNOVEMBRO!B:P,15,FALSE) -> 20/10/25 | Z24: =VLOOKUP(pub?gid_1064752002_single_true_output_csv[[#This Row],[Column3]],UTDNOVEMBRO!B:Q,15,FALSE) -> 20/10/25
A25: REVERTON | B25: RENATO | C25: B-1212255 | D25: ER-CIND-POV-VARIANTE-RURAL | E25: SÃO GABRIEL | F25: QLP | G25: ENERGIZADA | H25: 7 | I25: 04/11/2025 | J25: 06/11/2025 | K25: ENERGIZADA | M25: LV | N25: REALIZADO | O25: 7 | P25: 7 | Q25: =VLOOKUP(pub?gid_1064752002_single_true_output_csv[[#This Row],[Column3]],UTDNOVEMBRO!B:AQ,42,FALSE) -> -11,174356 | R25: =VLOOKUP(pub?gid_1064752002_single_true_output_csv[[#This Row],[Column3]],UTDNOVEMBRO!B:AU,43,FALSE) -> -41,803870 | S25: =VLOOKUP(pub?gid_1064752002_single_true_output_csv[[#This Row],[Column3]],UTDNOVEMBRO!B:AC,28,FALSE) -> 1 | T25: =VLOOKUP(pub?gid_1064752002_single_true_output_csv[[#This Row],[Column3]],UTDNOVEMBRO!B:C,2,FALSE) -> B-1235744 | U25: =VLOOKUP(pub?gid_1064752002_single_true_output_csv[[#This Row],[Column3]],UTDNOVEMBRO!B:D,3,FALSE) -> B-1235749 | V25: =VLOOKUP(pub?gid_1064752002_single_true_output_csv[[#This Row],[Column3]],UTDNOVEMBRO!B:K,10,FALSE) -> FLAVIO ALMEIDA DOS ANJOS - U468839 | W25: =VLOOKUP(pub?gid_1064752002_single_true_output_csv[[#This Row],[Column3]],UTDNOVEMBRO!B:N,13,FALSE) -> 21/10/25 | X25: =VLOOKUP(pub?gid_1064752002_single_true_output_csv[[#This Row],[Column3]],UTDNOVEMBRO!B:O,14,FALSE) -> ALTERAR DERIVAÇÃO. MONTAR ESTRUTURA N3 NO PG E855712 E MONTAR N4 COM CHAVE NO PONTO 05. | Y25: =VLOOKUP(pub?gid_1064752002_single_true_output_csv[[#This Row],[Column3]],UTDNOVEMBRO!B:P,15,FALSE) -> 27/10/25 | Z25: =VLOOKUP(pub?gid_1064752002_single_true_output_csv[[#This Row],[Column3]],UTDNOVEMBRO!B:Q,15,FALSE) -> 27/10/25
A26: WILIAN SILVA, UBERDAN | B26: DJALMA | C26: B-1226260 | D26: ER-CIND-POV-MATA DO MILHO-CENTRO | E26: JOÃO DOURADO | F26: QLP | G26: N3 PARA N4 EM POSTE EXISTENTE EM REDE 3X04 13,8Kv | H26: 21 | I26: 17/11/2025 | J26: 30/11/2025 | K26: PROGRAMADA | L26: CAVA EM ROCHA | M26: LV | O26: 11 | P26: 2 | Q26: =VLOOKUP(pub?gid_1064752002_single_true_output_csv[[#This Row],[Column3]],UTDNOVEMBRO!B:AQ,42,FALSE) -> -11,182657 | R26: =VLOOKUP(pub?gid_1064752002_single_true_output_csv[[#This Row],[Column3]],UTDNOVEMBRO!B:AU,43,FALSE) -> -41,397356 | S26: =VLOOKUP(pub?gid_1064752002_single_true_output_csv[[#This Row],[Column3]],UTDNOVEMBRO!B:AC,28,FALSE) -> 3 | T26: =VLOOKUP(pub?gid_1064752002_single_true_output_csv[[#This Row],[Column3]],UTDNOVEMBRO!B:C,2,FALSE) | U26: =VLOOKUP(pub?gid_1064752002_single_true_output_csv[[#This Row],[Column3]],UTDNOVEMBRO!B:D,3,FALSE) | V26: =VLOOKUP(pub?gid_1064752002_single_true_output_csv[[#This Row],[Column3]],UTDNOVEMBRO!B:K,10,FALSE) -> PEDRO ANDERSON NERI DE SOUZA - U465037 | W26: =VLOOKUP(pub?gid_1064752002_single_true_output_csv[[#This Row],[Column3]],UTDNOVEMBRO!B:N,13,FALSE) -> 09/10/25 | X26: =VLOOKUP(pub?gid_1064752002_single_true_output_csv[[#This Row],[Column3]],UTDNOVEMBRO!B:O,14,FALSE) -> INTERCALAR POSTE MT 11/600 NO OUTRO LADO DA CERCA. POIS SE TRANSFORMAR A EXISTENTE EM N4 VAI SAIR MUITO TORTA POR CONTA DO POSTE DT. | Y26: =VLOOKUP(pub?gid_1064752002_single_true_output_csv[[#This Row],[Column3]],UTDNOVEMBRO!B:P,15,FALSE) -> 13/10/25 | Z26: =VLOOKUP(pub?gid_1064752002_single_true_output_csv[[#This Row],[Column3]],UTDNOVEMBRO!B:Q,15,FALSE) -> 13/10/25
A27: VANILSON | B27: DJALMA | C27: B-1228556 | D27: ER-CIND-POV-LAGOA DOS LUNDUS-RURAL | E27: JOÃO DOURADO | F27: QLP | G27: INTERCALAR POSTE 11/600 N1 - N3 CF EM REDE 3X04 13,8Kv - CAVA COM RETRO | H27: 13 | I27: 13/11/2025 | J27: 19/11/2025 | K27: ATUANDO | L27: CAVA EM ROCHA | M27: LV | O27: 0 | P27: 0 | Q27: =VLOOKUP(pub?gid_1064752002_single_true_output_csv[[#This Row],[Column3]],UTDNOVEMBRO!B:AQ,42,FALSE) -> -11,158357 | R27: =VLOOKUP(pub?gid_1064752002_single_true_output_csv[[#This Row],[Column3]],UTDNOVEMBRO!B:AU,43,FALSE) -> -41,453961 | S27: =VLOOKUP(pub?gid_1064752002_single_true_output_csv[[#This Row],[Column3]],UTDNOVEMBRO!B:AC,28,FALSE) -> 1 | T27: =VLOOKUP(pub?gid_1064752002_single_true_output_csv[[#This Row],[Column3]],UTDNOVEMBRO!B:C,2,FALSE) | U27: =VLOOKUP(pub?gid_1064752002_single_true_output_csv[[#This Row],[Column3]],UTDNOVEMBRO!B:D,3,FALSE) | V27: =VLOOKUP(pub?gid_1064752002_single_true_output_csv[[#This Row],[Column3]],UTDNOVEMBRO!B:K,10,FALSE) -> PEDRO ANDERSON NERI DE SOUZA - U465037 | W27: =VLOOKUP(pub?gid_1064752002_single_true_output_csv[[#This Row],[Column3]],UTDNOVEMBRO!B:N,13,FALSE) -> 09/10/25 | X27: =VLOOKUP(pub?gid_1064752002_single_true_output_csv[[#This Row],[Column3]],UTDNOVEMBRO!B:O,14,FALSE) -> NTERCALAR POSTE MT 11/600 NO PONTO 01 CONFORME PROJETO. | Y27: =VLOOKUP(pub?gid_1064752002_single_true_output_csv[[#This Row],[Column3]],UTDNOVEMBRO!B:P,15,FALSE) -> 13/10/25 | Z27: =VLOOKUP(pub?gid_1064752002_single_true_output_csv[[#This Row],[Column3]],UTDNOVEMBRO!B:Q,15,FALSE) -> 13/10/25
A28: ALAN | B28: DJALMA | C28: B-1228748 | D28: AC-CIND-PR -DA IGREJA-RURAL | E28: LAPÃO | F28: QLP | G28: ENERGIZADA | H28: 0 | I28: 11/11/2025 | J28: 11/11/2025 | K28: ENERGIZADA | M28: DP | O28: 0 | P28: 0 | Q28: =VLOOKUP(pub?gid_1064752002_single_true_output_csv[[#This Row],[Column3]],UTDNOVEMBRO!B:AQ,42,FALSE) -> -11,476205 | R28: =VLOOKUP(pub?gid_1064752002_single_true_output_csv[[#This Row],[Column3]],UTDNOVEMBRO!B:AU,43,FALSE) -> -41,770260 | S28: =VLOOKUP(pub?gid_1064752002_single_true_output_csv[[#This Row],[Column3]],UTDNOVEMBRO!B:AC,28,FALSE) -> 0 | T28: =VLOOKUP(pub?gid_1064752002_single_true_output_csv[[#This Row],[Column3]],UTDNOVEMBRO!B:C,2,FALSE) -> N/A | U28: =VLOOKUP(pub?gid_1064752002_single_true_output_csv[[#This Row],[Column3]],UTDNOVEMBRO!B:D,3,FALSE) -> N/A | V28: =VLOOKUP(pub?gid_1064752002_single_true_output_csv[[#This Row],[Column3]],UTDNOVEMBRO!B:K,10,FALSE) -> JHONATAN MARANHAO - U617542 | W28: =VLOOKUP(pub?gid_1064752002_single_true_output_csv[[#This Row],[Column3]],UTDNOVEMBRO!B:N,13,FALSE) -> 08/10/25 | X28: =VLOOKUP(pub?gid_1064752002_single_true_output_csv[[#This Row],[Column3]],UTDNOVEMBRO!B:O,14,FALSE) -> VERIFICAR: PROJETO DIVERGE DE CAMPO | Y28: =VLOOKUP(pub?gid_1064752002_single_true_output_csv[[#This Row],[Column3]],UTDNOVEMBRO!B:P,15,FALSE) -> 30/10/25 | Z28: =VLOOKUP(pub?gid_1064752002_single_true_output_csv[[#This Row],[Column3]],UTDNOVEMBRO!B:Q,15,FALSE) -> 30/10/25
A29: ESMERALDO | B29: RENATO | C29: B-1229264 | D29: ER-CIND-POV-LAGOA DO CHICO EDU-RURAL | E29: ITAGUAÇU DA BAHIA | F29: QLP | G29: DP 17/11 - ADF EM TRECHO DE 2,5 KM | H29: 19 | I29: 04/11/2025 | J29: 17/11/2025 | K29: ATUANDO | M29: DP/LV | N29: 17/11/2025 | O29: 20 | P29: 19 | Q29: =VLOOKUP(pub?gid_1064752002_single_true_output_csv[[#This Row],[Column3]],UTDNOVEMBRO!B:AQ,42,FALSE) -> -11,011449 | R29: =VLOOKUP(pub?gid_1064752002_single_true_output_csv[[#This Row],[Column3]],UTDNOVEMBRO!B:AU,43,FALSE) -> -42,293051_x000D_ | S29: =VLOOKUP(pub?gid_1064752002_single_true_output_csv[[#This Row],[Column3]],UTDNOVEMBRO!B:AC,28,FALSE) -> 1 | T29: =VLOOKUP(pub?gid_1064752002_single_true_output_csv[[#This Row],[Column3]],UTDNOVEMBRO!B:C,2,FALSE) -> B-1235763 | U29: =VLOOKUP(pub?gid_1064752002_single_true_output_csv[[#This Row],[Column3]],UTDNOVEMBRO!B:D,3,FALSE) -> B-1235765 | V29: =VLOOKUP(pub?gid_1064752002_single_true_output_csv[[#This Row],[Column3]],UTDNOVEMBRO!B:K,10,FALSE) -> JOSE EDUARDO GOMES DOS SANTOS LIMA - U468835 | W29: =VLOOKUP(pub?gid_1064752002_single_true_output_csv[[#This Row],[Column3]],UTDNOVEMBRO!B:N,13,FALSE) -> 23/10/25 | X29: =VLOOKUP(pub?gid_1064752002_single_true_output_csv[[#This Row],[Column3]],UTDNOVEMBRO!B:O,14,FALSE) -> ADF DE ACORDO PROJETO | Y29: =VLOOKUP(pub?gid_1064752002_single_true_output_csv[[#This Row],[Column3]],UTDNOVEMBRO!B:P,15,FALSE) -> 23/10/25 | Z29: =VLOOKUP(pub?gid_1064752002_single_true_output_csv[[#This Row],[Column3]],UTDNOVEMBRO!B:Q,15,FALSE) -> 23/10/25
A30: ALAN | B30: DJALMA | C30: B-1211158 | D30: ER-CIND-FAZ-GUARANY-RURAL | E30: AMÉRICA DOURADA | F30: QLP | G30: INTERCALAR POSTE 11/600 N1-B3M EM REDE 2X04 13,8Kv | H30: 23 | I30: 05/11/2025 | J30: 17/11/2025 | K30: ATUANDO | M30: LV | N30: REALIZADO | O30: 24 | P30: 25 | Q30: =VLOOKUP(pub?gid_1064752002_single_true_output_csv[[#This Row],[Column3]],UTDNOVEMBRO!B:AQ,42,FALSE) -> -11,431598 | R30: =VLOOKUP(pub?gid_1064752002_single_true_output_csv[[#This Row],[Column3]],UTDNOVEMBRO!B:AU,43,FALSE) -> -41,602491 | S30: =VLOOKUP(pub?gid_1064752002_single_true_output_csv[[#This Row],[Column3]],UTDNOVEMBRO!B:AC,28,FALSE) -> 2 | T30: =VLOOKUP(pub?gid_1064752002_single_true_output_csv[[#This Row],[Column3]],UTDNOVEMBRO!B:C,2,FALSE) -> N/A | U30: =VLOOKUP(pub?gid_1064752002_single_true_output_csv[[#This Row],[Column3]],UTDNOVEMBRO!B:D,3,FALSE) -> N/A | V30: =VLOOKUP(pub?gid_1064752002_single_true_output_csv[[#This Row],[Column3]],UTDNOVEMBRO!B:K,10,FALSE) -> JOSE ANTONIO SIMAS NETO - U349485 | W30: =VLOOKUP(pub?gid_1064752002_single_true_output_csv[[#This Row],[Column3]],UTDNOVEMBRO!B:N,13,FALSE) -> 09/10/25 | X30: =VLOOKUP(pub?gid_1064752002_single_true_output_csv[[#This Row],[Column3]],UTDNOVEMBRO!B:O,14,FALSE) -> INTERCALAR POSTE MT 11/600 ENTRE OS POSTES E765100 E O E765101 | Y30: =VLOOKUP(pub?gid_1064752002_single_true_output_csv[[#This Row],[Column3]],UTDNOVEMBRO!B:P,15,FALSE) -> 09/10/25 | Z30: =VLOOKUP(pub?gid_1064752002_single_true_output_csv[[#This Row],[Column3]],UTDNOVEMBRO!B:Q,15,FALSE) -> 09/10/25
A31: JARBAS | B31: HIAGO | C31: B-1228504 | D31: ER-CIND-POV-DESCOBERTO-RURAL | E31: CANARANA | F31: QLP | G31: N3 PARA N4 EM POSTE EXISTENTE EM REDE 2X04 13,8Kv - MUDAR COD. CELA CRUZETA | H31: 17 | I31: 06/11/2025 | J31: 14/11/2025 | K31: ATUANDO | M31: LV | O31: 17 | P31: 8 | Q31: =VLOOKUP(pub?gid_1064752002_single_true_output_csv[[#This Row],[Column3]],UTDNOVEMBRO!B:AQ,42,FALSE) -> -11,908580 | R31: =VLOOKUP(pub?gid_1064752002_single_true_output_csv[[#This Row],[Column3]],UTDNOVEMBRO!B:AU,43,FALSE) -> -41,675359 | S31: =VLOOKUP(pub?gid_1064752002_single_true_output_csv[[#This Row],[Column3]],UTDNOVEMBRO!B:AC,28,FALSE) -> 1 | T31: =VLOOKUP(pub?gid_1064752002_single_true_output_csv[[#This Row],[Column3]],UTDNOVEMBRO!B:C,2,FALSE) | U31: =VLOOKUP(pub?gid_1064752002_single_true_output_csv[[#This Row],[Column3]],UTDNOVEMBRO!B:D,3,FALSE) | V31: =VLOOKUP(pub?gid_1064752002_single_true_output_csv[[#This Row],[Column3]],UTDNOVEMBRO!B:K,10,FALSE) -> MANOEL MESSIAS ALENCAR - U359765 | W31: =VLOOKUP(pub?gid_1064752002_single_true_output_csv[[#This Row],[Column3]],UTDNOVEMBRO!B:N,13,FALSE) -> 08/10/25 | X31: =VLOOKUP(pub?gid_1064752002_single_true_output_csv[[#This Row],[Column3]],UTDNOVEMBRO!B:O,14,FALSE) -> ALTERAR ESTRUTURA MT DE M3 PRA M4 NO PG DO TRAFO H35248. | Y31: =VLOOKUP(pub?gid_1064752002_single_true_output_csv[[#This Row],[Column3]],UTDNOVEMBRO!B:P,15,FALSE) -> 28/10/25 | Z31: =VLOOKUP(pub?gid_1064752002_single_true_output_csv[[#This Row],[Column3]],UTDNOVEMBRO!B:Q,15,FALSE) -> 28/10/25
A32: MARCOS PAULO | B32: HIAGO | C32: B-1182565 | D32: AC-COEL-RUA-ANTERO VIEIRA-CENTRO | E32: IBIPEBA | F32: INSTITUCIONAL | G32: DP 18/11 - ADF N3 PARA N4 EM POSTE EXISTENTE EM REDE 3x04 13,8Kv | H32: 17 | I32: 12/11/2025 | J32: 18/11/2025 | K32: ATUANDO | M32: DP/LV | N32: 18/11/2025 | O32: 17 | P32: 3 | Q32: =VLOOKUP(pub?gid_1064752002_single_true_output_csv[[#This Row],[Column3]],UTDNOVEMBRO!B:AQ,42,FALSE) -> -11,489303 | R32: =VLOOKUP(pub?gid_1064752002_single_true_output_csv[[#This Row],[Column3]],UTDNOVEMBRO!B:AU,43,FALSE) -> -42,273487 | S32: =VLOOKUP(pub?gid_1064752002_single_true_output_csv[[#This Row],[Column3]],UTDNOVEMBRO!B:AC,28,FALSE) -> 0 | T32: =VLOOKUP(pub?gid_1064752002_single_true_output_csv[[#This Row],[Column3]],UTDNOVEMBRO!B:C,2,FALSE) | U32: =VLOOKUP(pub?gid_1064752002_single_true_output_csv[[#This Row],[Column3]],UTDNOVEMBRO!B:D,3,FALSE) | V32: =VLOOKUP(pub?gid_1064752002_single_true_output_csv[[#This Row],[Column3]],UTDNOVEMBRO!B:K,10,FALSE) -> ALINE LIMA SILVA - U468383 | W32: =VLOOKUP(pub?gid_1064752002_single_true_output_csv[[#This Row],[Column3]],UTDNOVEMBRO!B:N,13,FALSE) -> 20/10/25 | X32: =VLOOKUP(pub?gid_1064752002_single_true_output_csv[[#This Row],[Column3]],UTDNOVEMBRO!B:O,14,FALSE) -> OBRA APITAR PARA CONSTRUÇÃO. ADF SEGUE COMFORME PONTOS COLETADO. | Y32: =VLOOKUP(pub?gid_1064752002_single_true_output_csv[[#This Row],[Column3]],UTDNOVEMBRO!B:P,15,FALSE) -> 27/10/25 | Z32: =VLOOKUP(pub?gid_1064752002_single_true_output_csv[[#This Row],[Column3]],UTDNOVEMBRO!B:Q,15,FALSE) -> 27/10/25
A33: GIORLAN | B33: RENATO | C33: B-1228726 | D33: AC-CIND-POV-CAMAROTE-RURAL | E33: UIBAÍ | F33: QLP | G33: ENERGIZADA | H33: 0 | I33: 12/11/2025 | J33: 12/11/2025 | K33: ENERGIZADA | M33: DP | O33: 0 | P33: 0 | Q33: =VLOOKUP(pub?gid_1064752002_single_true_output_csv[[#This Row],[Column3]],UTDNOVEMBRO!B:AQ,42,FALSE) -> -11,355628 | R33: =VLOOKUP(pub?gid_1064752002_single_true_output_csv[[#This Row],[Column3]],UTDNOVEMBRO!B:AU,43,FALSE) -> -42,108336 | S33: =VLOOKUP(pub?gid_1064752002_single_true_output_csv[[#This Row],[Column3]],UTDNOVEMBRO!B:AC,28,FALSE) -> 0 | T33: =VLOOKUP(pub?gid_1064752002_single_true_output_csv[[#This Row],[Column3]],UTDNOVEMBRO!B:C,2,FALSE) -> N/A | U33: =VLOOKUP(pub?gid_1064752002_single_true_output_csv[[#This Row],[Column3]],UTDNOVEMBRO!B:D,3,FALSE) -> N/A | V33: =VLOOKUP(pub?gid_1064752002_single_true_output_csv[[#This Row],[Column3]],UTDNOVEMBRO!B:K,10,FALSE) -> JARBAS LIMA VIEIRA - U348612 | W33: =VLOOKUP(pub?gid_1064752002_single_true_output_csv[[#This Row],[Column3]],UTDNOVEMBRO!B:N,13,FALSE) -> 07/10/2025 | X33: =VLOOKUP(pub?gid_1064752002_single_true_output_csv[[#This Row],[Column3]],UTDNOVEMBRO!B:O,14,FALSE) -> SUBSTITUIR TRAFO CONFORME PROJETO. INFORMAÇÕES DAS ESTRUTURAS ESTÃO NOS PONTOS. | Y33: =VLOOKUP(pub?gid_1064752002_single_true_output_csv[[#This Row],[Column3]],UTDNOVEMBRO!B:P,15,FALSE) -> 08/10/25 | Z33: =VLOOKUP(pub?gid_1064752002_single_true_output_csv[[#This Row],[Column3]],UTDNOVEMBRO!B:Q,15,FALSE) -> 08/10/25
A34: GIORLAN | B34: RENATO | C34: B-1228821 | D34: ER-CIND-POV-HIDROLANDIA-RURAL | E34: UIBAÍ | F34: QLP | G34: ENERGIZADA | H34: 6 | I34: 03/11/2025 | J34: 04/11/2025 | K34: ENERGIZADA | O34: 6 | P34: 6 | Q34: =VLOOKUP(pub?gid_1064752002_single_true_output_csv[[#This Row],[Column3]],UTDNOVEMBRO!B:AQ,42,FALSE) -> -11,249115 | R34: =VLOOKUP(pub?gid_1064752002_single_true_output_csv[[#This Row],[Column3]],UTDNOVEMBRO!B:AU,43,FALSE) -> -42,164449 | S34: =VLOOKUP(pub?gid_1064752002_single_true_output_csv[[#This Row],[Column3]],UTDNOVEMBRO!B:AC,28,FALSE) -> 2 | T34: =VLOOKUP(pub?gid_1064752002_single_true_output_csv[[#This Row],[Column3]],UTDNOVEMBRO!B:C,2,FALSE) -> N/A | U34: =VLOOKUP(pub?gid_1064752002_single_true_output_csv[[#This Row],[Column3]],UTDNOVEMBRO!B:D,3,FALSE) -> N/A | V34: =VLOOKUP(pub?gid_1064752002_single_true_output_csv[[#This Row],[Column3]],UTDNOVEMBRO!B:K,10,FALSE) -> JARBAS LIMA VIEIRA - U348612 | W34: =VLOOKUP(pub?gid_1064752002_single_true_output_csv[[#This Row],[Column3]],UTDNOVEMBRO!B:N,13,FALSE) -> 07/10/2025 | X34: =VLOOKUP(pub?gid_1064752002_single_true_output_csv[[#This Row],[Column3]],UTDNOVEMBRO!B:O,14,FALSE) -> ALTERAR DERIVAÇÃO. | Y34: =VLOOKUP(pub?gid_1064752002_single_true_output_csv[[#This Row],[Column3]],UTDNOVEMBRO!B:P,15,FALSE) -> 08/10/25 | Z34: =VLOOKUP(pub?gid_1064752002_single_true_output_csv[[#This Row],[Column3]],UTDNOVEMBRO!B:Q,15,FALSE) -> 08/10/25
A35: IRISMAR | B35: HIAGO | C35: B-1011861 | D35: IS-COEL-FAZ-SUELI-RURAL | E35: CANARANA | F35: INTERV SEGURANÇA | G35: DP 18/11 E 24/11 - DESATIVAR REDE E INTERLIGAR TECHO NOVO | H35: 11 | I35: 10/11/2025 | J35: 18/11/2025 | K35: ATUANDO | M35: DP | O35: 11 | P35: 3 | Q35: =VLOOKUP(pub?gid_1064752002_single_true_output_csv[[#This Row],[Column3]],UTDNOVEMBRO!B:AQ,42,FALSE) -> -11.701598 | R35: =VLOOKUP(pub?gid_1064752002_single_true_output_csv[[#This Row],[Column3]],UTDNOVEMBRO!B:AU,43,FALSE) -> -41.759803 | S35: =VLOOKUP(pub?gid_1064752002_single_true_output_csv[[#This Row],[Column3]],UTDNOVEMBRO!B:AC,28,FALSE) -> 0 | T35: =VLOOKUP(pub?gid_1064752002_single_true_output_csv[[#This Row],[Column3]],UTDNOVEMBRO!B:C,2,FALSE) | U35: =VLOOKUP(pub?gid_1064752002_single_true_output_csv[[#This Row],[Column3]],UTDNOVEMBRO!B:D,3,FALSE) | V35: =VLOOKUP(pub?gid_1064752002_single_true_output_csv[[#This Row],[Column3]],UTDNOVEMBRO!B:K,10,FALSE) -> MANOEL MESSIAS ALENCAR - U359765 | W35: =VLOOKUP(pub?gid_1064752002_single_true_output_csv[[#This Row],[Column3]],UTDNOVEMBRO!B:N,13,FALSE) -> 15/10/2025 | X35: =VLOOKUP(pub?gid_1064752002_single_true_output_csv[[#This Row],[Column3]],UTDNOVEMBRO!B:O,14,FALSE) -> MONTAR ESTRUTURA B3 NO PG B696749. EM CAMPO JA É N1, MONTAR ESTRUTURAS BECO. PA REDE VAI PASSAR EM FRENTE A LOTES DE CASAS E MUROS JA PRONTOS | Y35: =VLOOKUP(pub?gid_1064752002_single_true_output_csv[[#This Row],[Column3]],UTDNOVEMBRO!B:P,15,FALSE) -> 20/10/25 | Z35: =VLOOKUP(pub?gid_1064752002_single_true_output_csv[[#This Row],[Column3]],UTDNOVEMBRO!B:Q,15,FALSE) -> 20/10/25
A36: FELIPE | B36: RENATO | C36: B-1228949 | D36: ER-CIND-POV-SAO JOAO-DO ZE DA PRETA | E36: CENTRAL | F36: QLP | G36: N3 PARA N3 EM REDE 2X04 13,8Kv | H36: 18 | I36: 06/11/2025 | J36: 14/11/2025 | K36: ATUANDO | M36: LV | N36: 15/11/2025 | O36: 18 | P36: 18 | Q36: =VLOOKUP(pub?gid_1064752002_single_true_output_csv[[#This Row],[Column3]],UTDNOVEMBRO!B:AQ,42,FALSE) -> -11.079716 | R36: =VLOOKUP(pub?gid_1064752002_single_true_output_csv[[#This Row],[Column3]],UTDNOVEMBRO!B:AU,43,FALSE) -> -42.072856 | S36: =VLOOKUP(pub?gid_1064752002_single_true_output_csv[[#This Row],[Column3]],UTDNOVEMBRO!B:AC,28,FALSE) -> 2 | T36: =VLOOKUP(pub?gid_1064752002_single_true_output_csv[[#This Row],[Column3]],UTDNOVEMBRO!B:C,2,FALSE) -> CRIAR | U36: =VLOOKUP(pub?gid_1064752002_single_true_output_csv[[#This Row],[Column3]],UTDNOVEMBRO!B:D,3,FALSE) -> CRIAR | V36: =VLOOKUP(pub?gid_1064752002_single_true_output_csv[[#This Row],[Column3]],UTDNOVEMBRO!B:K,10,FALSE) -> JARBAS LIMA VIEIRA - U348612 | W36: =VLOOKUP(pub?gid_1064752002_single_true_output_csv[[#This Row],[Column3]],UTDNOVEMBRO!B:N,13,FALSE) -> 14/10/25 | X36: =VLOOKUP(pub?gid_1064752002_single_true_output_csv[[#This Row],[Column3]],UTDNOVEMBRO!B:O,14,FALSE) -> OBRA APITA PARA CONSTRUÇÃO CONFORME PROJETO | Y36: =VLOOKUP(pub?gid_1064752002_single_true_output_csv[[#This Row],[Column3]],UTDNOVEMBRO!B:P,15,FALSE) -> 15/10/25 | Z36: =VLOOKUP(pub?gid_1064752002_single_true_output_csv[[#This Row],[Column3]],UTDNOVEMBRO!B:Q,15,FALSE) -> 15/10/25
A37: MARCOS PAULO | B37: HIAGO | C37: B-1140811 | D37: ER-CIND-POV-PLANALTO-RURAL | E37: CANARANA | F37: QLP | G37: DP 25/11 | H37: 7 | I37: 19/11/2025 | J37: 27/11/2025 | K37: PROGRAMADA | M37: DP/LV | O37: 0 | P37: 0 | Q37: =VLOOKUP(pub?gid_1064752002_single_true_output_csv[[#This Row],[Column3]],UTDNOVEMBRO!B:AQ,42,FALSE) -> -11,805420 | R37: =VLOOKUP(pub?gid_1064752002_single_true_output_csv[[#This Row],[Column3]],UTDNOVEMBRO!B:AU,43,FALSE) -> -41,738076 | S37: =VLOOKUP(pub?gid_1064752002_single_true_output_csv[[#This Row],[Column3]],UTDNOVEMBRO!B:AC,28,FALSE) | T37: =VLOOKUP(pub?gid_1064752002_single_true_output_csv[[#This Row],[Column3]],UTDNOVEMBRO!B:C,2,FALSE) | U37: =VLOOKUP(pub?gid_1064752002_single_true_output_csv[[#This Row],[Column3]],UTDNOVEMBRO!B:D,3,FALSE) | V37: =VLOOKUP(pub?gid_1064752002_single_true_output_csv[[#This Row],[Column3]],UTDNOVEMBRO!B:K,10,FALSE) -> MANOEL MESSIAS ALENCAR - U359765 | W37: =VLOOKUP(pub?gid_1064752002_single_true_output_csv[[#This Row],[Column3]],UTDNOVEMBRO!B:N,13,FALSE) -> 22/10/25 | X37: =VLOOKUP(pub?gid_1064752002_single_true_output_csv[[#This Row],[Column3]],UTDNOVEMBRO!B:O,14,FALSE) -> ADICIONAR FASE. INTERCALAR POSTE 12/600 COM FLABIDT +U3 E N1 TRIF. | Y37: =VLOOKUP(pub?gid_1064752002_single_true_output_csv[[#This Row],[Column3]],UTDNOVEMBRO!B:P,15,FALSE) -> 24/10/25 | Z37: =VLOOKUP(pub?gid_1064752002_single_true_output_csv[[#This Row],[Column3]],UTDNOVEMBRO!B:Q,15,FALSE) -> 24/10/25
A38: REVERTON | B38: RENATO | C38: B-1229074 | D38: ER-CIND-POV-VARIANTE-RURAL SAO GABRIEL | E38: SÃO GABRIEL | F38: QLP | G38: N3 PARA N4 EM POSTE EXISTENTE EM REDE 3x04 13.8Kv | H38: 15 | I38: 10/11/2025 | J38: 25/11/2025 | K38: ATUANDO | M38: LV | O38: 8 | P38: 13 | Q38: =VLOOKUP(pub?gid_1064752002_single_true_output_csv[[#This Row],[Column3]],UTDNOVEMBRO!B:AQ,42,FALSE) -> -11,152108 | R38: =VLOOKUP(pub?gid_1064752002_single_true_output_csv[[#This Row],[Column3]],UTDNOVEMBRO!B:AU,43,FALSE) -> -41,801523 | S38: =VLOOKUP(pub?gid_1064752002_single_true_output_csv[[#This Row],[Column3]],UTDNOVEMBRO!B:AC,28,FALSE) -> 2 | T38: =VLOOKUP(pub?gid_1064752002_single_true_output_csv[[#This Row],[Column3]],UTDNOVEMBRO!B:C,2,FALSE) -> CRIAR | U38: =VLOOKUP(pub?gid_1064752002_single_true_output_csv[[#This Row],[Column3]],UTDNOVEMBRO!B:D,3,FALSE) -> CRIAR | V38: =VLOOKUP(pub?gid_1064752002_single_true_output_csv[[#This Row],[Column3]],UTDNOVEMBRO!B:K,10,FALSE) -> FLAVIO ALMEIDA DOS ANJOS - U468839 | W38: =VLOOKUP(pub?gid_1064752002_single_true_output_csv[[#This Row],[Column3]],UTDNOVEMBRO!B:N,13,FALSE) -> 21/10/25 | X38: =VLOOKUP(pub?gid_1064752002_single_true_output_csv[[#This Row],[Column3]],UTDNOVEMBRO!B:O,14,FALSE) -> ENCABECAR REDE CONFORME PROJETO E SUBSTITUIR OS POSTES. | Y38: =VLOOKUP(pub?gid_1064752002_single_true_output_csv[[#This Row],[Column3]],UTDNOVEMBRO!B:P,15,FALSE) -> 30/10/25 | Z38: =VLOOKUP(pub?gid_1064752002_single_true_output_csv[[#This Row],[Column3]],UTDNOVEMBRO!B:Q,15,FALSE) -> 30/10/25
A39: REVERTON | B39: RENATO | C39: B-1227921 | D39: ER-CIND-PR -VARIANTE II-RURAL | E39: SÃO GABRIEL | F39: QLP | G39: ENERGIZADA | H39: 5 | I39: 03/11/2025 | J39: 03/11/2025 | K39: ENERGIZADA | O39: 5 | P39: 5 | Q39: =VLOOKUP(pub?gid_1064752002_single_true_output_csv[[#This Row],[Column3]],UTDNOVEMBRO!B:AQ,42,FALSE) -> -11,164902 | R39: =VLOOKUP(pub?gid_1064752002_single_true_output_csv[[#This Row],[Column3]],UTDNOVEMBRO!B:AU,43,FALSE) -> -41,781158 | S39: =VLOOKUP(pub?gid_1064752002_single_true_output_csv[[#This Row],[Column3]],UTDNOVEMBRO!B:AC,28,FALSE) -> 1 | T39: =VLOOKUP(pub?gid_1064752002_single_true_output_csv[[#This Row],[Column3]],UTDNOVEMBRO!B:C,2,FALSE) -> N/A | U39: =VLOOKUP(pub?gid_1064752002_single_true_output_csv[[#This Row],[Column3]],UTDNOVEMBRO!B:D,3,FALSE) -> N/A | V39: =VLOOKUP(pub?gid_1064752002_single_true_output_csv[[#This Row],[Column3]],UTDNOVEMBRO!B:K,10,FALSE) -> FLAVIO ALMEIDA DOS ANJOS - U468839 | W39: =VLOOKUP(pub?gid_1064752002_single_true_output_csv[[#This Row],[Column3]],UTDNOVEMBRO!B:N,13,FALSE) -> 21/10/25 | X39: =VLOOKUP(pub?gid_1064752002_single_true_output_csv[[#This Row],[Column3]],UTDNOVEMBRO!B:O,14,FALSE) -> ACESSAR A OBRA PELO PONTO ENVIADO NA VISITA. É SO IR RETO E DEPOIS ENTRAR A DIREITA NA N1-3. AI É SO SEGUIR A REDE. | Y39: =VLOOKUP(pub?gid_1064752002_single_true_output_csv[[#This Row],[Column3]],UTDNOVEMBRO!B:P,15,FALSE) -> 21/10/25 | Z39: =VLOOKUP(pub?gid_1064752002_single_true_output_csv[[#This Row],[Column3]],UTDNOVEMBRO!B:Q,15,FALSE) -> 21/10/25
A40: GIORLAN | B40: RENATO | C40: B-1228914 | D40: ER-CIND-POV-CANOAOZINHO-RURAL | E40: PRESIDENTE DUTRA | F40: QLP | G40: ENERGIZADA | H40: 6 | I40: 06/11/2025 | J40: 11/11/2025 | K40: ENERGIZADA | M40: DP | O40: 6 | P40: 6 | Q40: =VLOOKUP(pub?gid_1064752002_single_true_output_csv[[#This Row],[Column3]],UTDNOVEMBRO!B:AQ,42,FALSE) -> -11.306555 | R40: =VLOOKUP(pub?gid_1064752002_single_true_output_csv[[#This Row],[Column3]],UTDNOVEMBRO!B:AU,43,FALSE) -> -42.02167 | S40: =VLOOKUP(pub?gid_1064752002_single_true_output_csv[[#This Row],[Column3]],UTDNOVEMBRO!B:AC,28,FALSE) -> 1 | T40: =VLOOKUP(pub?gid_1064752002_single_true_output_csv[[#This Row],[Column3]],UTDNOVEMBRO!B:C,2,FALSE) -> N/A | U40: =VLOOKUP(pub?gid_1064752002_single_true_output_csv[[#This Row],[Column3]],UTDNOVEMBRO!B:D,3,FALSE) -> N/A | V40: =VLOOKUP(pub?gid_1064752002_single_true_output_csv[[#This Row],[Column3]],UTDNOVEMBRO!B:K,10,FALSE) -> JARBAS LIMA VIEIRA - U348612 | W40: =VLOOKUP(pub?gid_1064752002_single_true_output_csv[[#This Row],[Column3]],UTDNOVEMBRO!B:N,13,FALSE) -> 14/10/25 | X40: =VLOOKUP(pub?gid_1064752002_single_true_output_csv[[#This Row],[Column3]],UTDNOVEMBRO!B:O,14,FALSE) -> OBRA APITA PARA CONSTRUÇÃO CONFORME PROJETO | Y40: =VLOOKUP(pub?gid_1064752002_single_true_output_csv[[#This Row],[Column3]],UTDNOVEMBRO!B:P,15,FALSE) -> 20/10/25 | Z40: =VLOOKUP(pub?gid_1064752002_single_true_output_csv[[#This Row],[Column3]],UTDNOVEMBRO!B:Q,15,FALSE) -> 20/10/25
A41: IRISMAR | B41: HIAGO | C41: B-1228616 | D41: ER-CIND-POV-LICURI DO MULATINHO-RURAL | E41: IBITITÁ | F41: QLP | G41: DP 28/11 - ADF N3 PARA N4 EM POSTE EXISTENTE 3X1/0 13,8Kv | H41: 19 | I41: 07/11/2025 | J41: 28/11/2025 | K41: ATUANDO | M41: DP/LV | O41: 9 | P41: 3 | Q41: =VLOOKUP(pub?gid_1064752002_single_true_output_csv[[#This Row],[Column3]],UTDNOVEMBRO!B:AQ,42,FALSE) -> -11,602628 | R41: =VLOOKUP(pub?gid_1064752002_single_true_output_csv[[#This Row],[Column3]],UTDNOVEMBRO!B:AU,43,FALSE) -> -41,809423 | S41: =VLOOKUP(pub?gid_1064752002_single_true_output_csv[[#This Row],[Column3]],UTDNOVEMBRO!B:AC,28,FALSE) -> 1 | T41: =VLOOKUP(pub?gid_1064752002_single_true_output_csv[[#This Row],[Column3]],UTDNOVEMBRO!B:C,2,FALSE) | U41: =VLOOKUP(pub?gid_1064752002_single_true_output_csv[[#This Row],[Column3]],UTDNOVEMBRO!B:D,3,FALSE) | V41: =VLOOKUP(pub?gid_1064752002_single_true_output_csv[[#This Row],[Column3]],UTDNOVEMBRO!B:K,10,FALSE) -> ALINE LIMA SILVA - U468383 | W41: =VLOOKUP(pub?gid_1064752002_single_true_output_csv[[#This Row],[Column3]],UTDNOVEMBRO!B:N,13,FALSE) -> 16/10/25 | X41: =VLOOKUP(pub?gid_1064752002_single_true_output_csv[[#This Row],[Column3]],UTDNOVEMBRO!B:O,14,FALSE) -> OBRA APITAR PARA CONSTRUÇÃO CONFORME PROJETO. 8VÃO DE ADF, DE N3 PARA N4. INSTALA UM GLV, | Y41: =VLOOKUP(pub?gid_1064752002_single_true_output_csv[[#This Row],[Column3]],UTDNOVEMBRO!B:P,15,FALSE) -> 20/10/25 | Z41: =VLOOKUP(pub?gid_1064752002_single_true_output_csv[[#This Row],[Column3]],UTDNOVEMBRO!B:Q,15,FALSE) -> 20/10/25
A42: REVERTON | B42: RENATO | C42: B-1230240 | D42: RR-CIND-POV-TABOA DO MOINHO-RURAL | E42: SÃO GABRIEL | F42: QLP | G42: ENERGIZADA | H42: 11 | I42: 06/11/2025 | J42: 08/11/2025 | K42: ENERGIZADA | M42: LV | N42: REALIZADO | O42: 18 | P42: 11 | Q42: =VLOOKUP(pub?gid_1064752002_single_true_output_csv[[#This Row],[Column3]],UTDNOVEMBRO!B:AQ,42,FALSE) -> -11,157695 | R42: =VLOOKUP(pub?gid_1064752002_single_true_output_csv[[#This Row],[Column3]],UTDNOVEMBRO!B:AU,43,FALSE) -> -41,720149 | S42: =VLOOKUP(pub?gid_1064752002_single_true_output_csv[[#This Row],[Column3]],UTDNOVEMBRO!B:AC,28,FALSE) -> 1 | T42: =VLOOKUP(pub?gid_1064752002_single_true_output_csv[[#This Row],[Column3]],UTDNOVEMBRO!B:C,2,FALSE) -> N/A | U42: =VLOOKUP(pub?gid_1064752002_single_true_output_csv[[#This Row],[Column3]],UTDNOVEMBRO!B:D,3,FALSE) -> N/A | V42: =VLOOKUP(pub?gid_1064752002_single_true_output_csv[[#This Row],[Column3]],UTDNOVEMBRO!B:K,10,FALSE) -> FLAVIO ALMEIDA DOS ANJOS - U468839 | W42: =VLOOKUP(pub?gid_1064752002_single_true_output_csv[[#This Row],[Column3]],UTDNOVEMBRO!B:N,13,FALSE) -> 21/10/25 | X42: =VLOOKUP(pub?gid_1064752002_single_true_output_csv[[#This Row],[Column3]],UTDNOVEMBRO!B:O,14,FALSE) -> INTERCALAR POSTE 11/600 COM ESTRUTURA MT N1-3 COM CHAVE. ENTRE OS POSTES Q111957 E O Q111958. | Y42: =VLOOKUP(pub?gid_1064752002_single_true_output_csv[[#This Row],[Column3]],UTDNOVEMBRO!B:P,15,FALSE) -> 27/10/25 | Z42: =VLOOKUP(pub?gid_1064752002_single_true_output_csv[[#This Row],[Column3]],UTDNOVEMBRO!B:Q,15,FALSE) -> 27/10/25
A43: ELIEZER | B43: RENATO | C43: B-1231704 | D43: ER-CIND-POV-ANGICOS-RURAL | E43: XIQUE-XIQUE | F43: JUDICIAL | G43: N3M EM POSTE EXISTENTE EM REDE 2X04 13,8Kv - ENERGIZAR NO MES 12 | H43: 41 | I43: 10/11/2025 | J43: 30/11/2025 | K43: ATUANDO | L43: CAVA EM ROCHA | M43: LV | O43: 9 | P43: 0 | Q43: =VLOOKUP(pub?gid_1064752002_single_true_output_csv[[#This Row],[Column3]],UTDNOVEMBRO!B:AQ,42,FALSE) -> -10,831900 | R43: =VLOOKUP(pub?gid_1064752002_single_true_output_csv[[#This Row],[Column3]],UTDNOVEMBRO!B:AU,43,FALSE) -> -42,539303 | S43: =VLOOKUP(pub?gid_1064752002_single_true_output_csv[[#This Row],[Column3]],UTDNOVEMBRO!B:AC,28,FALSE) | T43: =VLOOKUP(pub?gid_1064752002_single_true_output_csv[[#This Row],[Column3]],UTDNOVEMBRO!B:C,2,FALSE) | U43: =VLOOKUP(pub?gid_1064752002_single_true_output_csv[[#This Row],[Column3]],UTDNOVEMBRO!B:D,3,FALSE) | V43: =VLOOKUP(pub?gid_1064752002_single_true_output_csv[[#This Row],[Column3]],UTDNOVEMBRO!B:K,10,FALSE) -> JOSE EDUARDO GOMES DOS SANTOS LIMA - U468835 | W43: =VLOOKUP(pub?gid_1064752002_single_true_output_csv[[#This Row],[Column3]],UTDNOVEMBRO!B:N,13,FALSE) -> 28/10/25 | X43: =VLOOKUP(pub?gid_1064752002_single_true_output_csv[[#This Row],[Column3]],UTDNOVEMBRO!B:O,14,FALSE) -> OBRA APITA PARA CONSTRUÇÃO, | Y43: =VLOOKUP(pub?gid_1064752002_single_true_output_csv[[#This Row],[Column3]],UTDNOVEMBRO!B:P,15,FALSE) -> 29/10/25 | Z43: =VLOOKUP(pub?gid_1064752002_single_true_output_csv[[#This Row],[Column3]],UTDNOVEMBRO!B:Q,15,FALSE) -> 29/10/25
A44: JARBAS | B44: HIAGO | C44: B-1230875 | D44: UB-CIND-RUA-HERMILINO MACHADO-URBANA | E44: BARRO ALTO | F44: JUDICIAL | G44: ENERGIZADA | H44: 4 | I44: 03/11/2025 | J44: 04/11/2025 | K44: ENERGIZADA | O44: 4 | P44: 4 | Q44: =VLOOKUP(pub?gid_1064752002_single_true_output_csv[[#This Row],[Column3]],UTDNOVEMBRO!B:AQ,42,FALSE) -> -11.761734 | R44: =VLOOKUP(pub?gid_1064752002_single_true_output_csv[[#This Row],[Column3]],UTDNOVEMBRO!B:AU,43,FALSE) -> -41.900450 | S44: =VLOOKUP(pub?gid_1064752002_single_true_output_csv[[#This Row],[Column3]],UTDNOVEMBRO!B:AC,28,FALSE) -> 1 | T44: =VLOOKUP(pub?gid_1064752002_single_true_output_csv[[#This Row],[Column3]],UTDNOVEMBRO!B:C,2,FALSE) -> N/A | U44: =VLOOKUP(pub?gid_1064752002_single_true_output_csv[[#This Row],[Column3]],UTDNOVEMBRO!B:D,3,FALSE) -> N/A | V44: =VLOOKUP(pub?gid_1064752002_single_true_output_csv[[#This Row],[Column3]],UTDNOVEMBRO!B:K,10,FALSE) -> ALINE LIMA SILVA - U468383 | W44: =VLOOKUP(pub?gid_1064752002_single_true_output_csv[[#This Row],[Column3]],UTDNOVEMBRO!B:N,13,FALSE) -> 28/10/25 | X44: =VLOOKUP(pub?gid_1064752002_single_true_output_csv[[#This Row],[Column3]],UTDNOVEMBRO!B:O,14,FALSE) -> OBRA APITA PARA CONSTRUÇÃO DE ACORDO PROJETO | Y44: =VLOOKUP(pub?gid_1064752002_single_true_output_csv[[#This Row],[Column3]],UTDNOVEMBRO!B:P,15,FALSE) -> 29/10/25 | Z44: =VLOOKUP(pub?gid_1064752002_single_true_output_csv[[#This Row],[Column3]],UTDNOVEMBRO!B:Q,15,FALSE) -> 29/10/25
A45: ALAN | B45: DJALMA | C45: B-1052871 | D45: MP-CCOL-ET-MORRO DO HIGINO-RURAL | E45: JUSSARA | F45: JUDICIAL | H45: 48 | I45: 18/11/2025 | J45: 30/11/2025 | K45: PROGRAMADA | M45: LV | O45: 0 | P45: 0 | Q45: =VLOOKUP(pub?gid_1064752002_single_true_output_csv[[#This Row],[Column3]],UTDNOVEMBRO!B:AQ,42,FALSE) -> -11.140086 | R45: =VLOOKUP(pub?gid_1064752002_single_true_output_csv[[#This Row],[Column3]],UTDNOVEMBRO!B:AU,43,FALSE) -> -41.966723 | S45: =VLOOKUP(pub?gid_1064752002_single_true_output_csv[[#This Row],[Column3]],UTDNOVEMBRO!B:AC,28,FALSE) -> 14 | T45: =VLOOKUP(pub?gid_1064752002_single_true_output_csv[[#This Row],[Column3]],UTDNOVEMBRO!B:C,2,FALSE) -> X-1052872 | U45: =VLOOKUP(pub?gid_1064752002_single_true_output_csv[[#This Row],[Column3]],UTDNOVEMBRO!B:D,3,FALSE) -> X-1053459 | V45: =VLOOKUP(pub?gid_1064752002_single_true_output_csv[[#This Row],[Column3]],UTDNOVEMBRO!B:K,10,FALSE) -> JARBAS LIMA VIEIRA - U348612 | W45: =VLOOKUP(pub?gid_1064752002_single_true_output_csv[[#This Row],[Column3]],UTDNOVEMBRO!B:N,13,FALSE) -> 04/11/25 | X45: =VLOOKUP(pub?gid_1064752002_single_true_output_csv[[#This Row],[Column3]],UTDNOVEMBRO!B:O,14,FALSE) -> INTERCALAR POSTE 11600 CONFORME PROJETO. | Y45: =VLOOKUP(pub?gid_1064752002_single_true_output_csv[[#This Row],[Column3]],UTDNOVEMBRO!B:P,15,FALSE) -> 05/11/25 | Z45: =VLOOKUP(pub?gid_1064752002_single_true_output_csv[[#This Row],[Column3]],UTDNOVEMBRO!B:Q,15,FALSE) -> 05/11/25
A46: GIORLAN | B46: RENATO | C46: B-1201802 | D46: RR-CIND-FAZ-PAU DARCO-RURAL | E46: LAPÃO | F46: QLP | G46: N3M EM POSTE EXISTENTE EM REDE 2X04 13,8Kv | H46: 24 | I46: 07/11/2025 | J46: 30/11/2025 | K46: ATUANDO | L46: CAVA EM ROCHA | M46: LV | O46: 23 | P46: 0 | Q46: =VLOOKUP(pub?gid_1064752002_single_true_output_csv[[#This Row],[Column3]],UTDNOVEMBRO!B:AQ,42,FALSE) -> -11,425907 | R46: =VLOOKUP(pub?gid_1064752002_single_true_output_csv[[#This Row],[Column3]],UTDNOVEMBRO!B:AU,43,FALSE) -> -41,786496 | S46: =VLOOKUP(pub?gid_1064752002_single_true_output_csv[[#This Row],[Column3]],UTDNOVEMBRO!B:AC,28,FALSE) -> 2 | T46: =VLOOKUP(pub?gid_1064752002_single_true_output_csv[[#This Row],[Column3]],UTDNOVEMBRO!B:C,2,FALSE) | U46: =VLOOKUP(pub?gid_1064752002_single_true_output_csv[[#This Row],[Column3]],UTDNOVEMBRO!B:D,3,FALSE) | V46: =VLOOKUP(pub?gid_1064752002_single_true_output_csv[[#This Row],[Column3]],UTDNOVEMBRO!B:K,10,FALSE) -> JHONATAN MARANHAO - U617542 | W46: =VLOOKUP(pub?gid_1064752002_single_true_output_csv[[#This Row],[Column3]],UTDNOVEMBRO!B:N,13,FALSE) -> 04/11/25 | X46: =VLOOKUP(pub?gid_1064752002_single_true_output_csv[[#This Row],[Column3]],UTDNOVEMBRO!B:O,14,FALSE) -> ENCABEÇAR REDE CONFORME PROJETO. | Y46: =VLOOKUP(pub?gid_1064752002_single_true_output_csv[[#This Row],[Column3]],UTDNOVEMBRO!B:P,15,FALSE) -> 04/11/25 | Z46: =VLOOKUP(pub?gid_1064752002_single_true_output_csv[[#This Row],[Column3]],UTDNOVEMBRO!B:Q,15,FALSE) -> 04/11/25
A47: EDILSON | B47: DJALMA | C47: B-1234061 | D47: IT-CIND-POV-CAFARNAUNZINHO-RURAL | E47: CAFARNAUM | F47: QLP | G47: OBRA CARTERIA DE DEZEMBRO | H47: 1 | K47: ATRASADA | O47: 0 | P47: 0 | Q47: =VLOOKUP(pub?gid_1064752002_single_true_output_csv[[#This Row],[Column3]],UTDNOVEMBRO!B:AQ,42,FALSE) -> -11,716316 | R47: =VLOOKUP(pub?gid_1064752002_single_true_output_csv[[#This Row],[Column3]],UTDNOVEMBRO!B:AU,43,FALSE) -> -41,400588 | S47: =VLOOKUP(pub?gid_1064752002_single_true_output_csv[[#This Row],[Column3]],UTDNOVEMBRO!B:AC,28,FALSE) | T47: =VLOOKUP(pub?gid_1064752002_single_true_output_csv[[#This Row],[Column3]],UTDNOVEMBRO!B:C,2,FALSE) | U47: =VLOOKUP(pub?gid_1064752002_single_true_output_csv[[#This Row],[Column3]],UTDNOVEMBRO!B:D,3,FALSE) | V47: =VLOOKUP(pub?gid_1064752002_single_true_output_csv[[#This Row],[Column3]],UTDNOVEMBRO!B:K,10,FALSE) -> MANOEL MESSIAS ALENCAR - U359765 | W47: =VLOOKUP(pub?gid_1064752002_single_true_output_csv[[#This Row],[Column3]],UTDNOVEMBRO!B:N,13,FALSE) -> REVISITAR | X47: =VLOOKUP(pub?gid_1064752002_single_true_output_csv[[#This Row],[Column3]],UTDNOVEMBRO!B:O,14,FALSE) -> NOTA: O PONTO DE ENTREGA E DENTRO DA SUBESTAÇÃO DA CHESF._x000D_ TEM QUE AJENDAR A VISITA | Y47: =VLOOKUP(pub?gid_1064752002_single_true_output_csv[[#This Row],[Column3]],UTDNOVEMBRO!B:P,15,FALSE) -> 13/11/25 | Z47: =VLOOKUP(pub?gid_1064752002_single_true_output_csv[[#This Row],[Column3]],UTDNOVEMBRO!B:Q,15,FALSE) -> 13/11/25
A48: ENES | B48: RENATO | C48: B-1233382 | D48: ER-CIND-RUA-PERNAMBUCO-RURAL | E48: LAPÃO | F48: QLP | H48: 31 | I48: 07/11/2025 | J48: 21/11/2025 | K48: ATUANDO | M48: LV | O48: 42 | P48: 12 | Q48: =VLOOKUP(pub?gid_1064752002_single_true_output_csv[[#This Row],[Column3]],UTDNOVEMBRO!B:AQ,42,FALSE) -> -11,531419 | R48: =VLOOKUP(pub?gid_1064752002_single_true_output_csv[[#This Row],[Column3]],UTDNOVEMBRO!B:AU,43,FALSE) -> -41,778071 | S48: =VLOOKUP(pub?gid_1064752002_single_true_output_csv[[#This Row],[Column3]],UTDNOVEMBRO!B:AC,28,FALSE) | T48: =VLOOKUP(pub?gid_1064752002_single_true_output_csv[[#This Row],[Column3]],UTDNOVEMBRO!B:C,2,FALSE) | U48: =VLOOKUP(pub?gid_1064752002_single_true_output_csv[[#This Row],[Column3]],UTDNOVEMBRO!B:D,3,FALSE) | V48: =VLOOKUP(pub?gid_1064752002_single_true_output_csv[[#This Row],[Column3]],UTDNOVEMBRO!B:K,10,FALSE) -> JHONATAN MARANHAO - U617542 | W48: =VLOOKUP(pub?gid_1064752002_single_true_output_csv[[#This Row],[Column3]],UTDNOVEMBRO!B:N,13,FALSE) -> 04/11/25 | X48: =VLOOKUP(pub?gid_1064752002_single_true_output_csv[[#This Row],[Column3]],UTDNOVEMBRO!B:O,14,FALSE) -> ENCABEÇAR REDE CONFORME PROJETO. | Y48: =VLOOKUP(pub?gid_1064752002_single_true_output_csv[[#This Row],[Column3]],UTDNOVEMBRO!B:P,15,FALSE) -> 04/11/25 | Z48: =VLOOKUP(pub?gid_1064752002_single_true_output_csv[[#This Row],[Column3]],UTDNOVEMBRO!B:Q,15,FALSE) -> 04/11/25
B49: DJALMA | C49: B-1233352 | D49: ER-CIND-POV-FELIX-RURAL | E49: AMÉRICA DOURADA | F49: QLP | H49: 41 | I49: 17/11/2025 | J49: 30/11/2025 | K49: PROGRAMADA | O49: 0 | P49: 0 | Q49: =VLOOKUP(pub?gid_1064752002_single_true_output_csv[[#This Row],[Column3]],UTDNOVEMBRO!B:AQ,42,FALSE) -> -11,368254 | R49: =VLOOKUP(pub?gid_1064752002_single_true_output_csv[[#This Row],[Column3]],UTDNOVEMBRO!B:AU,43,FALSE) -> -41,420982 | S49: =VLOOKUP(pub?gid_1064752002_single_true_output_csv[[#This Row],[Column3]],UTDNOVEMBRO!B:AC,28,FALSE) | T49: =VLOOKUP(pub?gid_1064752002_single_true_output_csv[[#This Row],[Column3]],UTDNOVEMBRO!B:C,2,FALSE) | U49: =VLOOKUP(pub?gid_1064752002_single_true_output_csv[[#This Row],[Column3]],UTDNOVEMBRO!B:D,3,FALSE) | V49: =VLOOKUP(pub?gid_1064752002_single_true_output_csv[[#This Row],[Column3]],UTDNOVEMBRO!B:K,10,FALSE) -> JOSE EDUARDO GOMES DOS SANTOS LIMA - U468835 | W49: =VLOOKUP(pub?gid_1064752002_single_true_output_csv[[#This Row],[Column3]],UTDNOVEMBRO!B:N,13,FALSE) -> 05/11/25 | X49: =VLOOKUP(pub?gid_1064752002_single_true_output_csv[[#This Row],[Column3]],UTDNOVEMBRO!B:O,14,FALSE) -> INTERCALAR POSTE 11/600N1-3 CONFORME PROJETO | Y49: =VLOOKUP(pub?gid_1064752002_single_true_output_csv[[#This Row],[Column3]],UTDNOVEMBRO!B:P,15,FALSE) -> 05/11/25 | Z49: =VLOOKUP(pub?gid_1064752002_single_true_output_csv[[#This Row],[Column3]],UTDNOVEMBRO!B:Q,15,FALSE) -> 05/11/25
C50: B-1233323 | D50: ER-CIND-RUA-PEDRO TELES-LOT CAFARNAUM | E50: CAFARNAUM | F50: QLP | G50: OBRA CARTERIA DE DEZEMBRO | H50: 2 | I50: 01/12/2025 | K50: PROGRAMADA | O50: 0 | P50: 0 | Q50: =VLOOKUP(pub?gid_1064752002_single_true_output_csv[[#This Row],[Column3]],UTDNOVEMBRO!B:AQ,42,FALSE) -> -11,703122 | R50: =VLOOKUP(pub?gid_1064752002_single_true_output_csv[[#This Row],[Column3]],UTDNOVEMBRO!B:AU,43,FALSE) -> -41,471645 | S50: =VLOOKUP(pub?gid_1064752002_single_true_output_csv[[#This Row],[Column3]],UTDNOVEMBRO!B:AC,28,FALSE) | T50: =VLOOKUP(pub?gid_1064752002_single_true_output_csv[[#This Row],[Column3]],UTDNOVEMBRO!B:C,2,FALSE) | U50: =VLOOKUP(pub?gid_1064752002_single_true_output_csv[[#This Row],[Column3]],UTDNOVEMBRO!B:D,3,FALSE) | V50: =VLOOKUP(pub?gid_1064752002_single_true_output_csv[[#This Row],[Column3]],UTDNOVEMBRO!B:K,10,FALSE) -> MANOEL MESSIAS ALENCAR - U359765 | W50: =VLOOKUP(pub?gid_1064752002_single_true_output_csv[[#This Row],[Column3]],UTDNOVEMBRO!B:N,13,FALSE) -> 05/11/25 | X50: =VLOOKUP(pub?gid_1064752002_single_true_output_csv[[#This Row],[Column3]],UTDNOVEMBRO!B:O,14,FALSE) -> OBRA APITAR PARA CONSTRUÇÃO CONFORME PROJETO | Y50: =VLOOKUP(pub?gid_1064752002_single_true_output_csv[[#This Row],[Column3]],UTDNOVEMBRO!B:P,15,FALSE) -> 06/11/25 | Z50: =VLOOKUP(pub?gid_1064752002_single_true_output_csv[[#This Row],[Column3]],UTDNOVEMBRO!B:Q,15,FALSE) -> 06/11/25
C51: B-1233152 | D51: ER-CIND-POV-BARAUNAS 4678-BARAUNAS | E51: CAFARNAUM | F51: QLP | G51: OBRA CARTERIA DE DEZEMBRO | H51: 2 | I51: 01/12/2025 | K51: PROGRAMADA | O51: 0 | P51: 0 | Q51: =VLOOKUP(pub?gid_1064752002_single_true_output_csv[[#This Row],[Column3]],UTDNOVEMBRO!B:AQ,42,FALSE) -> -11,687142 | R51: =VLOOKUP(pub?gid_1064752002_single_true_output_csv[[#This Row],[Column3]],UTDNOVEMBRO!B:AU,43,FALSE) -> -41,522492 | S51: =VLOOKUP(pub?gid_1064752002_single_true_output_csv[[#This Row],[Column3]],UTDNOVEMBRO!B:AC,28,FALSE) | T51: =VLOOKUP(pub?gid_1064752002_single_true_output_csv[[#This Row],[Column3]],UTDNOVEMBRO!B:C,2,FALSE) | U51: =VLOOKUP(pub?gid_1064752002_single_true_output_csv[[#This Row],[Column3]],UTDNOVEMBRO!B:D,3,FALSE) | V51: =VLOOKUP(pub?gid_1064752002_single_true_output_csv[[#This Row],[Column3]],UTDNOVEMBRO!B:K,10,FALSE) -> MANOEL MESSIAS ALENCAR - U359765 | W51: =VLOOKUP(pub?gid_1064752002_single_true_output_csv[[#This Row],[Column3]],UTDNOVEMBRO!B:N,13,FALSE) -> 05/11/25 | X51: =VLOOKUP(pub?gid_1064752002_single_true_output_csv[[#This Row],[Column3]],UTDNOVEMBRO!B:O,14,FALSE) -> OBRA APITAR PARA CONSTRUÇÃO CONFORME PROJETO | Y51: =VLOOKUP(pub?gid_1064752002_single_true_output_csv[[#This Row],[Column3]],UTDNOVEMBRO!B:P,15,FALSE) -> 06/11/25 | Z51: =VLOOKUP(pub?gid_1064752002_single_true_output_csv[[#This Row],[Column3]],UTDNOVEMBRO!B:Q,15,FALSE) -> 06/11/25
C52: B-1233067 | D52: ER-CIND-FAZ-LAGOA DA SERRA-RURAL MOD | E52: MORRO DO CHAPÉU | F52: QLP | G52: OBRA CARTERIA DE DEZEMBRO | H52: 53 | I52: 01/12/2025 | K52: PROGRAMADA | O52: 0 | P52: 0 | Q52: =VLOOKUP(pub?gid_1064752002_single_true_output_csv[[#This Row],[Column3]],UTDNOVEMBRO!B:AQ,42,FALSE) | R52: =VLOOKUP(pub?gid_1064752002_single_true_output_csv[[#This Row],[Column3]],UTDNOVEMBRO!B:AU,43,FALSE) | S52: =VLOOKUP(pub?gid_1064752002_single_true_output_csv[[#This Row],[Column3]],UTDNOVEMBRO!B:AC,28,FALSE) | T52: =VLOOKUP(pub?gid_1064752002_single_true_output_csv[[#This Row],[Column3]],UTDNOVEMBRO!B:C,2,FALSE) | U52: =VLOOKUP(pub?gid_1064752002_single_true_output_csv[[#This Row],[Column3]],UTDNOVEMBRO!B:D,3,FALSE) | V52: =VLOOKUP(pub?gid_1064752002_single_true_output_csv[[#This Row],[Column3]],UTDNOVEMBRO!B:K,10,FALSE) -> JOSE EDUARDO GOMES DOS SANTOS LIMA - U468835 | W52: =VLOOKUP(pub?gid_1064752002_single_true_output_csv[[#This Row],[Column3]],UTDNOVEMBRO!B:N,13,FALSE) | X52: =VLOOKUP(pub?gid_1064752002_single_true_output_csv[[#This Row],[Column3]],UTDNOVEMBRO!B:O,14,FALSE) | Y52: =VLOOKUP(pub?gid_1064752002_single_true_output_csv[[#This Row],[Column3]],UTDNOVEMBRO!B:P,15,FALSE) | Z52: =VLOOKUP(pub?gid_1064752002_single_true_output_csv[[#This Row],[Column3]],UTDNOVEMBRO!B:Q,15,FALSE)
C53: B-1232761 | D53: ER-CIND-RUA-JUSCELIA-CONQUISTA | E53: CAFARNAUM | F53: QLP | G53: OBRA CARTERIA DE DEZEMBRO | H53: 3 | I53: 01/12/2025 | K53: PROGRAMADA | O53: 0 | P53: 0 | Q53: =VLOOKUP(pub?gid_1064752002_single_true_output_csv[[#This Row],[Column3]],UTDNOVEMBRO!B:AQ,42,FALSE) -> -11,817043 | R53: =VLOOKUP(pub?gid_1064752002_single_true_output_csv[[#This Row],[Column3]],UTDNOVEMBRO!B:AU,43,FALSE) -> -41,506068 | S53: =VLOOKUP(pub?gid_1064752002_single_true_output_csv[[#This Row],[Column3]],UTDNOVEMBRO!B:AC,28,FALSE) | T53: =VLOOKUP(pub?gid_1064752002_single_true_output_csv[[#This Row],[Column3]],UTDNOVEMBRO!B:C,2,FALSE) | U53: =VLOOKUP(pub?gid_1064752002_single_true_output_csv[[#This Row],[Column3]],UTDNOVEMBRO!B:D,3,FALSE) | V53: =VLOOKUP(pub?gid_1064752002_single_true_output_csv[[#This Row],[Column3]],UTDNOVEMBRO!B:K,10,FALSE) -> MANOEL MESSIAS ALENCAR - U359765 | W53: =VLOOKUP(pub?gid_1064752002_single_true_output_csv[[#This Row],[Column3]],UTDNOVEMBRO!B:N,13,FALSE) -> 05/11/25 | X53: =VLOOKUP(pub?gid_1064752002_single_true_output_csv[[#This Row],[Column3]],UTDNOVEMBRO!B:O,14,FALSE) -> OBRA APITAR PARA CONSTRUÇÃO CONFORME PROJETO | Y53: =VLOOKUP(pub?gid_1064752002_single_true_output_csv[[#This Row],[Column3]],UTDNOVEMBRO!B:P,15,FALSE) -> 06/11/25 | Z53: =VLOOKUP(pub?gid_1064752002_single_true_output_csv[[#This Row],[Column3]],UTDNOVEMBRO!B:Q,15,FALSE) -> 06/11/25
A54: ESMERALDO | B54: RENATO | C54: B-1232634 | D54: ER-CIND-POV-BEBEDOURO DE ALMAS-ALMAS | E54: ITAGUAÇU DA BAHIA | F54: QLP | H54: 34 | I54: 10/11/2025 | J54: 30/11/2025 | K54: ATUANDO | M54: LV | O54: 0 | P54: 0 | Q54: =VLOOKUP(pub?gid_1064752002_single_true_output_csv[[#This Row],[Column3]],UTDNOVEMBRO!B:AQ,42,FALSE) -> -10,944534 | R54: =VLOOKUP(pub?gid_1064752002_single_true_output_csv[[#This Row],[Column3]],UTDNOVEMBRO!B:AU,43,FALSE) -> -42,174867 | S54: =VLOOKUP(pub?gid_1064752002_single_true_output_csv[[#This Row],[Column3]],UTDNOVEMBRO!B:AC,28,FALSE) | T54: =VLOOKUP(pub?gid_1064752002_single_true_output_csv[[#This Row],[Column3]],UTDNOVEMBRO!B:C,2,FALSE) | U54: =VLOOKUP(pub?gid_1064752002_single_true_output_csv[[#This Row],[Column3]],UTDNOVEMBRO!B:D,3,FALSE) | V54: =VLOOKUP(pub?gid_1064752002_single_true_output_csv[[#This Row],[Column3]],UTDNOVEMBRO!B:K,10,FALSE) -> JOSE EDUARDO GOMES DOS SANTOS LIMA - U468835 | W54: =VLOOKUP(pub?gid_1064752002_single_true_output_csv[[#This Row],[Column3]],UTDNOVEMBRO!B:N,13,FALSE) -> 04/11/25 | X54: =VLOOKUP(pub?gid_1064752002_single_true_output_csv[[#This Row],[Column3]],UTDNOVEMBRO!B:O,14,FALSE) -> OBRA APITA PARA CONSTRUÇÃO. | Y54: =VLOOKUP(pub?gid_1064752002_single_true_output_csv[[#This Row],[Column3]],UTDNOVEMBRO!B:P,15,FALSE) -> 05/11/25 | Z54: =VLOOKUP(pub?gid_1064752002_single_true_output_csv[[#This Row],[Column3]],UTDNOVEMBRO!B:Q,15,FALSE) -> 05/11/25
C55: B-1232632 | D55: ER-CIND-POV-POCO GRANDE 325-RURAL | E55: BARRA DO MENDES | F55: QLP | G55: OBRA CARTERIA DE DEZEMBRO | H55: 3 | I55: 01/12/2025 | K55: PROGRAMADA | O55: 0 | P55: 0 | Q55: =VLOOKUP(pub?gid_1064752002_single_true_output_csv[[#This Row],[Column3]],UTDNOVEMBRO!B:AQ,42,FALSE) -> -11.920686 | R55: =VLOOKUP(pub?gid_1064752002_single_true_output_csv[[#This Row],[Column3]],UTDNOVEMBRO!B:AU,43,FALSE) -> -42.03913 | S55: =VLOOKUP(pub?gid_1064752002_single_true_output_csv[[#This Row],[Column3]],UTDNOVEMBRO!B:AC,28,FALSE) | T55: =VLOOKUP(pub?gid_1064752002_single_true_output_csv[[#This Row],[Column3]],UTDNOVEMBRO!B:C,2,FALSE) | U55: =VLOOKUP(pub?gid_1064752002_single_true_output_csv[[#This Row],[Column3]],UTDNOVEMBRO!B:D,3,FALSE) | V55: =VLOOKUP(pub?gid_1064752002_single_true_output_csv[[#This Row],[Column3]],UTDNOVEMBRO!B:K,10,FALSE) -> ALINE LIMA SILVA - U468383 | W55: =VLOOKUP(pub?gid_1064752002_single_true_output_csv[[#This Row],[Column3]],UTDNOVEMBRO!B:N,13,FALSE) -> 06/10/25 | X55: =VLOOKUP(pub?gid_1064752002_single_true_output_csv[[#This Row],[Column3]],UTDNOVEMBRO!B:O,14,FALSE) -> ENCABEÇAR REDE CONFORME PROJETO. APENAS ROLDANA, ALÇA E CONECTORES. | Y55: =VLOOKUP(pub?gid_1064752002_single_true_output_csv[[#This Row],[Column3]],UTDNOVEMBRO!B:P,15,FALSE) -> 07/11/25 | Z55: =VLOOKUP(pub?gid_1064752002_single_true_output_csv[[#This Row],[Column3]],UTDNOVEMBRO!B:Q,15,FALSE) -> 07/11/25
C56: B-1062322 | D56: IS-DIST-POV CANARINA-RURAL | E56: BARRA DO MENDES | F56: INTERV SEGURANÇA | G56: OBRA CARTERIA DE DEZEMBRO | H56: 5 | I56: 01/12/2025 | K56: PROGRAMADA | O56: 0 | P56: 0 | Q56: =VLOOKUP(pub?gid_1064752002_single_true_output_csv[[#This Row],[Column3]],UTDNOVEMBRO!B:AQ,42,FALSE) -> -12.215743 | R56: =VLOOKUP(pub?gid_1064752002_single_true_output_csv[[#This Row],[Column3]],UTDNOVEMBRO!B:AU,43,FALSE) -> -42.01724 | S56: =VLOOKUP(pub?gid_1064752002_single_true_output_csv[[#This Row],[Column3]],UTDNOVEMBRO!B:AC,28,FALSE) | T56: =VLOOKUP(pub?gid_1064752002_single_true_output_csv[[#This Row],[Column3]],UTDNOVEMBRO!B:C,2,FALSE) | U56: =VLOOKUP(pub?gid_1064752002_single_true_output_csv[[#This Row],[Column3]],UTDNOVEMBRO!B:D,3,FALSE) | V56: =VLOOKUP(pub?gid_1064752002_single_true_output_csv[[#This Row],[Column3]],UTDNOVEMBRO!B:K,10,FALSE) -> ALINE LIMA SILVA - U468383 | W56: =VLOOKUP(pub?gid_1064752002_single_true_output_csv[[#This Row],[Column3]],UTDNOVEMBRO!B:N,13,FALSE) -> 06/10/25 | X56: =VLOOKUP(pub?gid_1064752002_single_true_output_csv[[#This Row],[Column3]],UTDNOVEMBRO!B:O,14,FALSE) -> REMOVER A REDE DE CIMA DAS CASAS CONFORME PROJETO. | Y56: =VLOOKUP(pub?gid_1064752002_single_true_output_csv[[#This Row],[Column3]],UTDNOVEMBRO!B:P,15,FALSE) -> 07/11/25 | Z56: =VLOOKUP(pub?gid_1064752002_single_true_output_csv[[#This Row],[Column3]],UTDNOVEMBRO!B:Q,15,FALSE) -> 07/11/25
C57: B-0979203 | D57: UB-CIND-AVN JOÃO DURVAL CARNEIRO-GAMELEI | E57: BARRO ALTO | F57: QLP | G57: OBRA CARTERIA DE DEZEMBRO | H57: 3 | I57: 01/12/2025 | K57: PROGRAMADA | O57: 0 | P57: 0 | Q57: =VLOOKUP(pub?gid_1064752002_single_true_output_csv[[#This Row],[Column3]],UTDNOVEMBRO!B:AQ,42,FALSE) -> -11.909983 | R57: =VLOOKUP(pub?gid_1064752002_single_true_output_csv[[#This Row],[Column3]],UTDNOVEMBRO!B:AU,43,FALSE) -> -41.74357 | S57: =VLOOKUP(pub?gid_1064752002_single_true_output_csv[[#This Row],[Column3]],UTDNOVEMBRO!B:AC,28,FALSE) | T57: =VLOOKUP(pub?gid_1064752002_single_true_output_csv[[#This Row],[Column3]],UTDNOVEMBRO!B:C,2,FALSE) | U57: =VLOOKUP(pub?gid_1064752002_single_true_output_csv[[#This Row],[Column3]],UTDNOVEMBRO!B:D,3,FALSE) | V57: =VLOOKUP(pub?gid_1064752002_single_true_output_csv[[#This Row],[Column3]],UTDNOVEMBRO!B:K,10,FALSE) -> ALINE LIMA SILVA - U468383 | W57: =VLOOKUP(pub?gid_1064752002_single_true_output_csv[[#This Row],[Column3]],UTDNOVEMBRO!B:N,13,FALSE) | X57: =VLOOKUP(pub?gid_1064752002_single_true_output_csv[[#This Row],[Column3]],UTDNOVEMBRO!B:O,14,FALSE) | Y57: =VLOOKUP(pub?gid_1064752002_single_true_output_csv[[#This Row],[Column3]],UTDNOVEMBRO!B:P,15,FALSE) | Z57: =VLOOKUP(pub?gid_1064752002_single_true_output_csv[[#This Row],[Column3]],UTDNOVEMBRO!B:Q,15,FALSE)

Sheet UTDNOVEMBRO
A1: Column1 | B1: Column2 | C1: Column3 | D1: Column4 | E1: Column5 | F1: Column6 | G1: Column7 | H1: Column8 | I1: Column9 | J1: Column10 | K1: Column11 | L1: Column12 | M1: Column13 | N1: Column14 | O1: Column15 | P1: Column16 | Q1: Column17 | R1: Column18 | S1: Column19 | T1: Column20 | U1: Column21 | V1: Column22 | W1: Column23 | X1: Column24 | Y1: Column25 | Z1: Column26 | AA1: Column27 | AB1: Column28 | AC1: Column29 | AD1: Column30 | AE1: Column31 | AF1: Column32 | AG1: Column33 | AH1: Column34 | AI1: Column35 | AJ1: Column36 | AK1: Column37 | AL1: Column38 | AM1: Column39 | AN1: Column40 | AO1: Column41 | AP1: Column42 | AQ1: Column43 | AR1: Column44 | AS1: Column45 | AT1: Column46 | AU1: Column47 | AV1: Column48 | AW1: Column49 | AX1: Column50 | AY1: Column51 | AZ1: Column52 | BA1: Column53 | BB1: Column54 | BC1: Column55 | BD1: Column56 | BE1: Column57 | BF1: Column58 | BG1: Column59 | BH1: Column60 | BI1: Column61 | BJ1: Column62 | BK1: Column63 | BL1: Column64 | BM1: Column65 | BN1: Column66 | BO1: Column67
A2: NOTA | B2: PEP OBRA | C2: PEP KIT | D2: PEP MED | E2: TÍTULO | F2: MUNICIPIO | G2: STATUS DA OBRA | H2: OBS STATUS | I2: ENCARREGADO | J2: SUPERVISOR | K2: AR COELBA | L2: PLANO INVESTIMENTO | M2: CRITERIO | N2: VISITA PRÉVIA | O2: OBS. VISITA | P2: ANÁLISE PROJETO PRÉ-FECH. | Q2: SOLICITAÇÃO DE RESERVA | R2: DATA SAQUE MATERIAIS | S2: PES LV | T2: VENCI. | U2: PES LM | V2: PES ENERGIZAÇÃO | W2: VENCIMENTO | X2: PES PD | Y2: DATA PD | Z2: STATUS PES PD | AA2: SI PG | AB2: PG's | AC2: CLIENTES PREVISTOS | AD2: QTD. UC'S VALIDADAS LPT | AE2: POSTES PREVISTOS | AF2: CAVA REALIZADA | AG2: POSTES REALIZADO | AH2: POSTES À IMPLANTA | AI2: AVNR | AJ2: AVNP | AK2: INCIO PREVISTO | AL2: FIM PREVISTO | AM2: REPROGRAMAÇÃO FIM | AN2: DATA ENERGIZAÇÃO REAL | AO2: OC DE ENERG. | AP2: PG REFERÊNCIA | AQ2: LATITUDE | AR2: LONGITUDE | AS2: VALOR DE PROJETO | AT2: VALOR DE SERVIÇO | AU2: CÓDIGO EQUIPE | AV2: PROVAVEL ROCHA | AW2: CABO 1x25 | AX2: CABO 3x35 | AY2: OBS | AZ2: AVALIAÇÃO SERVIÇO | BA2: SUBESTAÇÃO ALIMENTADOR | BB2: CHAVE PRINCIPAL | BC2: CHAVE PD | BD2: QTD. UC'S | BE2: VIP | BF2: QTD. H DP | BG2: CHI | BH2: LOCAIS ATINGIDOS | BI2: PG REFERÊNCIA | BJ2: SERVIÇO | BK2: RASCUNHO | BM2: NÃO ELIMINAR ESTA COLUNA | BN2: NÃO ELIMINAR ESTA COLUNA | BO2: NÃO ELIMINAR ESTA COLUNA
A3: 9101928484 | B3: B-1099615 | C3: B-1231514 | D3: B-1231533 | E3: ER-CIND-POV-PREVINIDO-RURAL | F3: AMÉRICA DOURADA | G3: ENERGIZADA | I3: ALAN NUNES BARRETO - NTS415566 | J3: DJALMA RIOS DA CRUZ - NTS411576 | K3: JOSE ANTONIO SIMAS NETO - U349485 | L3: PLANO 14.4.12.1-LPT | M3: REPUTACIONAL | N3: 09/10/25 | O3: EXISTE UMA OBRA JA EXECUTADA, POREM, NAO TEM TRAFO PARA ATENDER OS CLIENTES. VERIFICAR POSSIBILIDADE DE ATENDER CONFORME OS PONTOS. | P3: 13/10/25 | Q3: 27/10 | S3: 2025-132510 | T3: 01/12/2025 | U3: N/A | V3: 2025-132525 | W3: 01/12/2025 | X3: N/A | AA3: 1040693 | AB3: E894510 AO E894522 | AC3: 3 | AD3: 2 | AE3: 4 | AF3: 4 | AG3: 4 | AH3: 0 | AI3: 100% | AJ3: 100,00% | AK3: 03/11/2025 | AL3: 04/11/2025 | AN3: 05/11/25 | AO3: 2025-11-12297 | AP3: Q124271 | AQ3: -11,440433 | AR3: -41,601552 | AS3: R$ 61.241,39 | AT3: R$ 18.769,22 | AU3: 2366 | BA3: ADD-01W1 | BB3: J18598 | BI3: Q124271 | BJ3: INTERCALAR POSTE AT COM N1-3 ENTRE OS PG: Q124271 - Q124272, FECHAR CHAVE NOVA PRÓXIMO AO PG: Q124271 E ENERGIZAR OBRA. | BK3: REVISADO APÓS ANÁLISE
B4: B-1211158 | C4: N/A | D4: N/A | E4: ER-CIND-FAZ-GUARANY-RURAL | F4: AMÉRICA DOURADA | G4: EM EXECUÇÃO | I4: ALAN NUNES BARRETO - NTS415566 | J4: DJALMA RIOS DA CRUZ - NTS411576 | K4: JOSE ANTONIO SIMAS NETO - U349485 | L4: PLANO 7 | M4: QLP | N4: 09/10/25 | O4: INTERCALAR POSTE MT 11/600 ENTRE OS POSTES E765100 E O E765101 | P4: 09/10/25 | Q4: 27/10 | S4: 2025-140109 | T4: 01/12/2025 | U4: N/A | V4: 2025-140116 | W4: 01/12/2025 | X4: N/A | AA4: 1040699 | AB4: E894579 AO E894595 E810360 AO E810365 | AC4: 2 | AD4: 0 | AE4: 23 | AF4: 23 | AG4: 20 | AH4: 3 | AI4: 87% | AJ4: 100,00% | AK4: 05/11/2025 | AL4: 17/11/2025 | AN4: 13/11/25 | AO4: 2025-11-46921 | AP4: E765100 | AQ4: -11,431598 | AR4: -41,602491 | AS4: R$ 128.341,79 | AT4: R$ 35.047,02 | AU4: 2366 | BA4: ADD-01W1 | BB4: E23134 | BI4: E765100 | BJ4: MONTAR BANCADA COM N3 NO PG: E765100, FECHAR CHAVE NOVA PRÓXIMO AO PG: E765100 E ENERGIZAR OBRA. | BK4: REVISADO APÓS ANÁLISE
A5: 9102333973 | B5: B-1227493 | E5: ER-CIND-FAZ-S O JORGE-SOARES | F5: AMÉRICA DOURADA | G5: PROGRAMADA | I5: EDILSON DE SOUZA SANTOS - NTS284548 | J5: DJALMA RIOS DA CRUZ - NTS411576 | K5: JOSE ANTONIO SIMAS NETO - U349485 | L5: PLANO 7 | M5: QLP | N5: 09/10/25 | O5: EXECUTAR ADF CONFORME PROJETO. | P5: 09/10/25 | Q5: 27/10/25 | S5: 2025-132559 OU C/ DP | T5: 01/12/2025 | U5: N/A | V5: 2025-132536 | W5: 01/12/2025 | X5: 2025-136851 | Y5: 18/11/2025 | Z5: APROVADA | AA5: 1040717 | AB5: E894850 AO E894857 | AC5: 1 | AE5: 8 | AH5: 8 | AI5: 0% | AJ5: 100,00% | AK5: 13/11/2025 | AL5: 18/11/2025 | AP5: E414734 | AQ5: -11,324178 | AR5: -41,463986 | AS5: R$ 78.162,04 | AT5: R$ 25.934,34 | AU5: 2295 | AX5: 0,37 | BA5: ADD-01W2 | BB5: V30589 | BI5: E414733 | BJ5: ABRIR CHAVE V30589 PARA DICIONAR FASE DO PG: E414729 AO E414734 E ENERGIZAR OBRA. | BK5: REVISADO APÓS ANÁLISE
A6: 9102343091 | B6: B-1228400 | E6: ER-CIND-POV-LEOPOLDINA 5555-RR-LEOPOLDIN | F6: BARRA DO MENDES | G6: RETIRADA DA CARTEIRA | H6: RETIRADA DA CARTEIRA DIA 13/10 PELA COELBA | J6: #N/A | K6: ALINE LIMA SILVA - U468383 | L6: PLANO 7 | M6: QLP | N6: 08/10/25 | O6: OBRA APITA PARA CONSTRUÇÃO.CONFOME PROJETO | P6: 09/10/25 | Q6: SOLICITAR | AA6: 1040710 | AB6: E894740 AO E894764 | AC6: 7 | AE6: 25 | AH6: 0 | AI6: 0% | AP6: B725191 | AQ6: -11,779250 | AR6: -41,980767 | AS6: R$ 227.948,85 | AT6: R$ 68.547,12 | AU6: #N/A | AW6: 0,12 | AX6: 0,70 | BA6: IBB-01Y7 | BB6: N52592 | BI6: B725191 | BJ6: MONTAR BANCADA NO PG: B725191 E ENERGIZAR OBRA. | BK6: .
A7: 9102101112 | B7: B-1152082 | C7: N/A | D7: N/A | E7: AC - CIND POV ACHADO - RURAL | F7: BARRO ALTO | G7: EM EXECUÇÃO | H7: NO SISTEMA JÁ CONSTA TRIFÁSICO, VERIFICAR EM CAMPO | I7: IRISMAR MARQUES SILVA - NTS493543 | J7: HIAGO DE CIRQUEIRA PEREIRA - NTS449580 | K7: ALINE LIMA SILVA - U468383 | L7: PLANO 7 | M7: QLP | N7: 13/10/25 | O7: OBRA APITA PARA CONSTRUÇÃO | P7: 14/10/25 | Q7: 27/10/25 | S7: 2025-137943 | T7: 01/12/2025 | U7: N/A | V7: 2025-132849 | W7: 13/11/2025 | X7: 2025-132849 | Y7: 13/11/2025 | Z7: CONCLUÍDA | AA7: 1040688 | AB7: E894463 AO E894470 | AC7: 1 | AD7: 0 | AE7: 0 | AF7: 0 | AG7: 0 | AH7: 0 | AI7: 0% | AJ7: 100,00% | AK7: 12/11/2025 | AL7: 13/11/2025 | AN7: 13/11/25 | AO7: 2025-11-46823 | AP7: E733687 | AQ7: -11,808347 | AR7: -41,852638 | AS7: R$ 216.353,90 | AT7: R$ 108.618,40 | AU7: 2290 | BA7: IBB-01Y8 | BB7: E25060 | BI7: Q128081 | BJ7: SUBSTITUIR POSTES AT POR POSTES DE MAIOR ESFORÇO NOS PG: Q128081, Q128093, Q128094, Q132959, Q132962, Q133002. | BK7: REVISADO APÓS ANÁLISE
A8: 9102283005 | B8: B-1206961 | C8: N/A | D8: N/A | E8: ER-CIND-POV-CAMPO FORMOSO-RURAL | F8: BARRO ALTO | G8: ENERGIZADA | I8: JAILSON SANTOS SILVA - NTS296579 | J8: HIAGO DE CIRQUEIRA PEREIRA - NTS449580 | K8: ALINE LIMA SILVA - U468383 | L8: PLANO 7 | M8: QLP | N8: 13/10/25 | O8: OBRA APITA OARA CONSTRUÇÃO CONFORME PROJETO | P8: 14/10/25 | Q8: 27/10/25 | S8: 2025-132662 | T8: 01/12/2025 | U8: 2025-140779 | V8: 2025-132669 | W8: 01/12/2025 | X8: 2025-132825 | Y8: 11/11/2025 | Z8: CONCLUÍDA | AA8: 1040696 | AB8: E894547 AO E894555 | AC8: 1 | AD8: 0 | AE8: 10 | AF8: 10 | AG8: 10 | AH8: 0 | AI8: 100% | AJ8: 100,00% | AK8: 03/11/2025 | AL8: 11/11/2025 | AN8: 11/11/25 | AO8: 2025-11-40259 | AP8: Q200018 | AQ8: -11,874596 | AR8: -41,850519 | AS8: R$ 90.697,73 | AT8: R$ 23.951,95 | AU8: 2291 | BA8: IBB-01Y7 | BB8: J15127 | BI8: Q200001 | BJ8: BATER ESTRIBO NO PG: Q200001 E ADICIONAR 01 VÃO DE RD MT DO PG: Q200001 AO Q200002 E ENECABEÇAR RD MT NO MESMO PG E ENERGIZAR OBRA. | BK8: REVISADO APÓS ANÁLISE
A9: 9102284523 | B9: B-1207659 | C9: N/A | D9: N/A | E9: UB-CIND-POV-PENDAO VERMELHO-CENTRO | F9: BARRO ALTO | G9: EM EXECUÇÃO | H9: DESLIGAMENTO CONTEMPLA ADF DO PROJETO B-1225231 | I9: JAILSON SANTOS SILVA - NTS296579 | J9: HIAGO DE CIRQUEIRA PEREIRA - NTS449580 | K9: ALINE LIMA SILVA - U468383 | L9: PLANO 7 | M9: QLP | N9: 09/10/25 | O9: OBRAS APITA PARA CONSTRUÇÃO, B-1207659, B-1225231 UMA DEPENDE DA OUTRA NO QUE SE DIZ RESPEITO A ADF. SÃO A MESMA DERIVAÇÃO | P9: 16/10/25 | Q9: 27/10/25 | S9: 2025-132665 | T9: 01/12/2025 | U9: N/A | V9: 2025-132673 | W9: 01/12/2025 | X9: 2025-132808 2025-143475 | Y9: 19/11/2025 21/11/2025 | Z9: APROVADA | AA9: 1040697 | AB9: E894556 AO E894563 | AC9: 1 | AD9: 0 | AE9: 8 | AF9: 7 | AG9: 2 | AH9: 6 | AI9: 25% | AJ9: 100,00% | AK9: 14/11/2025 | AL9: 19/11/2025 | AP9: Q199834 | AQ9: -11,870811 | AR9: -41,830110 | AS9: R$ 100.689,96 | AT9: R$ 26.775,80 | AU9: 2291 | AX9: 0,12 | BA9: IBB-01Y7 | BB9: H67221 | BI9: Q199834 | BJ9: ADICIONAR 02 VÃ DE RD MT DO PG: Q199834 AO Q102966 E CONECTAR FASE SENTIDO LADO CARGA | BK9: REVISADO APÓS ANÁLISE | BM9: Programar retro p/ 1 cava
A10: 9102342152 | B10: B-1225231 | E10: ER-CIND-POV-PENDAO VERMELHO-PENDAO VERME | F10: BARRO ALTO | G10: EM EXECUÇÃO | H10: MESMO TRECHO DA ADF DO PROJETO B-1207659 | I10: JAILSON SANTOS SILVA - NTS296579 | J10: HIAGO DE CIRQUEIRA PEREIRA - NTS449580 | K10: ALINE LIMA SILVA - U468383 | L10: PLANO 7 | M10: QLP | N10: 16/10/25 | O10: OBRAS APITA PARA CONSTRUÇÃO, B-1207659, B-1225231 UMA DEPENDE DA OUTRA NO QUE SE DIZ RESPEITO A ADF. SÃO A MESMA DERIVAÇÃO | P10: 16/10/25 | Q10: 27/10/25 | S10: 2025-137983 | T10: 01/12/2025 | U10: N/A | V10: 2025-134467 | W10: 01/12/2025 | X10: N/A | AA10: 1040706 | AB10: E894670 AO E894684 | AC10: 1 | AE10: 15 | AF10: 14 | AH10: 15 | AI10: 0% | AJ10: 100,00% | AK10: 20/11/2025 | AL10: 25/11/2025 | AP10: Q199834 | AQ10: -11,870811 | AR10: -41,830110 | AS10: R$ 138.088,94 | AT10: R$ 39.805,11 | AU10: 2291 | AX10: 0,37 | BA10: IBB-01Y7 | BB10: J14775 | BI10: Q199804 | BJ10: MONTAR BANCADA COM N3 NO PG: Q199804, FECHAR CHAVE NOVA PRÓXIMO AO PG: Q199804 E ENERGIZAR OBRA. | BK10: REVISADO APÓS ANÁLISE
A11: 9101909557 | B11: B-1107829 | C11: N/A | D11: N/A | E11: ME-COEL-RUA-JOSE SOARES FRANCA 26-CENTRO | F11: CAFARNAUM | G11: RETIRADA DA CARTEIRA | H11: OBRA URBANA DE DIFÍCIL EXECUÇÃO. SÃO NECESSÁRIO EM MÉDIA 3 OU 4 DESLIGAMENTO PARA CONCLUSÃO. | J11: #N/A | K11: MANOEL MESSIAS ALENCAR - U359765 | L11: PLANO 8 | M11: AL/MELHORAMENTO | N11: 15/10/25 | O11: DA PRA FAZER O RECONDURORAMENTO BT. POREM, SAO MUITAS RECOMPOSIÇÃO DE PASSEIOS, MUITOS RAMAIS PRA REALOCAR E TROCAR | AA11: 1040694 | AB11: E894523 AO E894540 | AC11: 0 | AD11: 0 | AE11: 18 | AH11: 18 | AI11: 0% | AP11: Q124841 | AQ11: -11,696341 | AR11: -41,468445 | AS11: R$ 122.842,89 | AT11: R$ 46.442,91 | AU11: #N/A | BA11: AMD-01N1 | BB11: J52511 | BI11: Q124844 | BJ11: INTERCALAR POSTE C/ B3 E BANCADA PARA TRAFO ENTRE OS PG: Q124844 - Q124840, SUBSTITUIR POSTE Q124840 | BK11: .
A12: 9102299101 | B12: B-1210478 | C12: X-1235682 | D12: X-1235709 | E12: ER-CIND-POV PIMENTA 147-PIMENTA | F12: CAFARNAUM | G12: EM EXECUÇÃO | I12: JAILSON SANTOS SILVA - NTS296579 | J12: HIAGO DE CIRQUEIRA PEREIRA - NTS449580 | K12: MANOEL MESSIAS ALENCAR - U359765 | L12: PLANO 14.4.12.1-LPT | M12: QLP | N12: 15/10/25 | O12: A OBRA DERIVA DA ULTIMA N3-3 DA ADF DE PIMENTA B-1156677, ENCABEÇAR REDE MT CONFORME PROJETO. N3-3 PARA N4-3 | P12: 16/10/25 | Q12: 27/10/25 | S12: 2025-134377 | T12: 01/12/2025 | U12: N/A | V12: 2025-134474 | W12: 01/12/2025 | X12: N/A | AA12: 1040698 | AB12: E894564 AO E894578 | AC12: 1 | AD12: 1 | AE12: 15 | AF12: 1 | AH12: 15 | AI12: 0% | AJ12: 100,00% | AK12: 26/11/2025 | AL12: 30/11/2025 | AP12: B738593 | AQ12: -11,854066 | AR12: -41,613738 | AS12: R$ 115.603,18 | AT12: R$ 32.591,60 | AU12: 2291 | AW12: 0,18 | BA12: MGM-09Z5 | BB12: G59311 | BI12: B738593 | BJ12: ALTERAR ESTRUTURA DE N3-3 P/ N4-3 NO PG: B738593, FECHAR CHAVE NOVA PRÓXIMO AO PG: B738593 E ENERGIZAR OBRA. | BK12: REVISADO APÓS ANÁLISE
A13: 9102316525 | B13: B-1214286 | E13: ER-CIND-POV-MELADOR 25461-MELADOR | F13: CANARANA | G13: EM EXECUÇÃO | I13: JARBAS SOUZA AMORIM - NTS987502 | J13: HIAGO DE CIRQUEIRA PEREIRA - NTS449580 | K13: MANOEL MESSIAS ALENCAR - U359765 | L13: PLANO 7 | M13: QLP | N13: 08/10/25 | O13: ADICIONAR FASE CONFORME PROJETO. | P13: 09/10/25 | Q13: 27/10/25 | S13: 2025-133600 | T13: 01/12/2025 | U13: N/A | V13: 2025-133606 | W13: 01/12/2025 | X13: 2025-134638 | Y13: 20/11/2025 | Z13: APROVADA | AA13: 1040703 | AB13: E894617 AO E894631 | AC13: 0 | AE13: 15 | AF13: 15 | AG13: 15 | AH13: 0 | AI13: 100% | AJ13: 100,00% | AK13: 04/11/2025 | AL13: 11/11/2025 | AP13: E765262 | AQ13: -11,907336 | AR13: -41,702260 | AS13: R$ 151.435,44 | AT13: R$ 39.925,41 | AU13: 2292 | AX13: 0,19 | BA13: MGM-09Z3 | BB13: E27407 | BI13: E765262 | BJ13: ADICIONAR 01 VÃO DE RD MT DO PG: E765262 AO E765249, INTERLIGAR FASE SENTIDO LADO CARGA E ENERGIZAR OBRA. | BK13: REVISADO APÓS ANÁLISE
A14: 9102341180 | B14: B-1228719 | C14: N/A | D14: N/A | E14: AC-CIND-POV-MORRINHO DE ARTURZINHO-RURAL | F14: CANARANA | G14: ENERGIZADA | H14: DIVERGENCIA DE LOCAL DO CLIENTE EM CAMPO, EMAIL ENVIADO PARA A COELBA 07/10 | I14: IRISMAR MARQUES SILVA - NTS493543 | J14: HIAGO DE CIRQUEIRA PEREIRA - NTS449580 | K14: MANOEL MESSIAS ALENCAR - U359765 | L14: PLANO 7 | M14: JUDICIAL | N14: 07/10/25 | O14: NTERCALAR POSTE 11/600 COM TRANSFORMADOR ENTRE OS POSTES | P14: 07/10/25 | Q14: 29/10/25 | S14: 2025-138009 | T14: 01/12/2025 | U14: N/A | V14: 2025-134451 | W14: 01/12/2025 | X14: N/A | AC14: 0 | AD14: 0 | AE14: 1 | AF14: 1 | AG14: 1 | AH14: 0 | AI14: 100% | AJ14: 100,00% | AK14: 03/11/2025 | AL14: 03/11/2025 | AN14: 03/11/25 | AO14: 2025-11-5981 | AP14: D091560 | AQ14: -11,788833 | AR14: -41,768644 | AS14: R$ 26.796,97 | AT14: R$ 2.916,49 | AU14: 2290 | BA14: MGM-09Z3 | BB14: J57309 | BI14: D091560 | BJ14: INTERCALAR POSTE AT COM N1 E TRAFO ENTRE OS PG: D091558 - D705712, FECHAR CHAVE NOVA PRÓXIMO AO PG: D091558 E ENERGIZAR OBRA. | BK14: REVISADO APÓS ANÁLISE
A15: 9102349557 | B15: B-1228504 | E15: ER-CIND-POV-DESCOBERTO-RURAL | F15: CANARANA | G15: EM EXECUÇÃO | H15: REDE ANTIGA NÃO CADASTRADA. NECESSÁRIO CORREÇÃO CADASTRAL. | I15: JARBAS SOUZA AMORIM - NTS987502 | J15: HIAGO DE CIRQUEIRA PEREIRA - NTS449580 | K15: MANOEL MESSIAS ALENCAR - U359765 | L15: PLANO 7 | M15: JUDICIAL | N15: 08/10/25 | O15: ALTERAR ESTRUTURA MT DE M3 PRA M4 NO PG DO TRAFO H35248. | P15: 28/10/25 | Q15: 28/10/25 | S15: 2025-138056 | T15: 01/12/2025 | U15: 2025-138059 2025-138061 2025-138062 | V15: 2025-138078 | W15: 01/12/2025 | X15: N/A | AA15: 1040719 | AB15: E894858 AO E894862 | AC15: 1 | AE15: 17 | AF15: 17 | AG15: 8 | AH15: 9 | AI15: 47% | AJ15: 100,00% | AK15: 12/11/2025 | AL15: 14/11/2025 | AP15: E600590 | AQ15: -11,908580 | AR15: -41,675359 | AS15: R$ 28.178,89 | AT15: R$ 10.222,53 | AU15: 2292 | BA15: MGM-09Z3 | BB15: H35244 | BI15: E600590 | BJ15: ALTERAR ESTRUTURA DE M3 P/ M4 NO PG: E904913 E ENERGIZAR OBRA. | BK15: REVISADO APÓS ANÁLISE | BM15: Pendente envio de concreto
A16: 9102347598 | B16: B-1228895 | C16: N/A | D16: N/A | E16: ER-CIND-POV-LADEIRA VERMELHA-RURAL | F16: CANARANA | G16: ENERGIZADA | I16: IRISMAR MARQUES SILVA - NTS493543 | J16: HIAGO DE CIRQUEIRA PEREIRA - NTS449580 | K16: MANOEL MESSIAS ALENCAR - U359765 | L16: PLANO 7 | M16: QLP | N16: 15/10/25 | O16: ENCABEÇAR REDE CONFORME PROJETO | P16: 17/10/25 | Q16: 27/10/25 | S16: N/A | T16: N/A | U16: N/A | V16: 2025-134426 | W16: 01/12/2025 | X16: N/A | AB16: E877448 AO E877450 | AC16: 1 | AD16: 0 | AE16: 3 | AF16: 3 | AG16: 3 | AH16: 0 | AI16: 100% | AJ16: 100,00% | AK16: 04/11/2025 | AL16: 04/11/2025 | AN16: 04/11/25 | AO16: 2025-11-8382 | AP16: E617528 | AQ16: -11.831079 | AR16: -41.74908 | AS16: R$ 15.514,70 | AT16: R$ 6.291,82 | AU16: 2290 | BA16: MGM-09Z3 | BB16: D06340 | BI16: E617528 | BJ16: ENCABEÇAR RD BT NO PG: E617528 E ENERGIZAR OBRA. | BK16: REVISADO APÓS ANÁLISE
A17: 9102342630 | B17: B-1227844 | C17: N/A | D17: N/A | E17: AC-CIND-POV-PAU D ARCO 69-RURAL | F17: CENTRAL | G17: ENERGIZADA | I17: FELIPE PEREIRA ALVES - NTS633505 | J17: RENATO ALVES DE OLIVEIRA GONCALVES - NTS467500 | K17: JARBAS LIMA VIEIRA - U348612 | L17: PLANO 7 | M17: QLP | N17: 14/10/25 | O17: OBRA APITA PARA CONSTRUÇÃO CONFORME PROJETO | P17: 15/10/25 | Q17: 27/10/25 | S17: N/A | T17: N/A | U17: N/A | V17: 2025-133381 | W17: 01/12/2025 | X17: N/A | AB17: E786703 AO E786706 | AC17: 1 | AD17: 0 | AE17: 4 | AF17: 4 | AG17: 4 | AH17: 0 | AI17: 100% | AJ17: 100,00% | AK17: 03/11/2025 | AL17: 03/11/2025 | AN17: 03/11/25 | AO17: 2025-11-5570 | AP17: B899194 | AQ17: -11,057811 | AR17: -42,155731 | AS17: R$ 21.721,68 | AT17: R$ 9.407,39 | AU17: 2289 | AW17: 0,22 | BA17: IRC-01L8 | BB17: V01170 | BI17: B899194 | BJ17: ENCABEÇAR RD BT NO PG: B899194 E ENERGIZAR OBRA. | BK17: REVISADO APÓS ANÁLISE
A18: 9102339703 | B18: B-1228890 | C18: N/A | D18: N/A | E18: ER-CIND-POV-ROCADINHO-RURAL | F18: CENTRAL | G18: ENERGIZADA | I18: FELIPE PEREIRA ALVES - NTS633505 | J18: RENATO ALVES DE OLIVEIRA GONCALVES - NTS467500 | K18: JARBAS LIMA VIEIRA - U348612 | L18: PLANO 7 | M18: QLP | N18: 14/10/25 | O18: OBRA APITA PARA CONSTRUÇÃO CONFORME PROJETO | P18: 16/10/25 | Q18: 27/10 | S18: N/A | T18: N/A | U18: N/A | V18: 2025-133382 | W18: 01/12/2025 | X18: N/A | AA18: 1040721 | AB18: E894882 AO E894887 | AC18: 1 | AD18: 0 | AE18: 6 | AF18: 6 | AG18: 6 | AH18: 0 | AI18: 100% | AJ18: 100,00% | AK18: 04/11/2025 | AL18: 06/11/2025 | AN18: 05/11/25 | AO18: 2025-11-11314 | AP18: E645207 | AQ18: -11.139252 | AR18: -42.05577 | AS18: R$ 32.899,21 | AT18: R$ 14.591,43 | AU18: 2289 | BA18: IRC-01L8 | BB18: D04313 | BI18: E645208 | BJ18: ENCABEÇAR RD BT NO PG: E645208 E ENERGIZAR OBRA. | BK18: REVISADO APÓS ANÁLISE
A19: 9102352010 | B19: B-1228949 | C19: CRIAR | D19: CRIAR | E19: ER-CIND-POV-SAO JOAO-DO ZE DA PRETA | F19: CENTRAL | G19: EM EXECUÇÃO | I19: FELIPE PEREIRA ALVES - NTS633505 | J19: RENATO ALVES DE OLIVEIRA GONCALVES - NTS467500 | K19: JARBAS LIMA VIEIRA - U348612 | L19: PLANO 7 ALTERAR P/ 14 | M19: QLP | N19: 14/10/25 | O19: OBRA APITA PARA CONSTRUÇÃO CONFORME PROJETO | P19: 15/10/25 | Q19: 27/10/25 | S19: 2025-133344 | T19: 01/12/2025 | U19: N/A | V19: 2025-133363 | W19: 01/12/2025 | X19: N/A | AA19: 1040722 | AB19: E894888 AO E894905 | AC19: 2 | AD19: 1 | AE19: 18 | AF19: 18 | AG19: 18 | AH19: 0 | AI19: 100% | AJ19: 100,00% | AK19: 07/11/2025 | AL19: 14/11/2025 | AP19: E513777 | AQ19: -11.079716 | AR19: -42.072856 | AS19: R$ 150.483,38 | AT19: R$ 49.823,98 | AU19: 2289 | BA19: IRC-01L8 | BB19: V47773 | BI19: E513777 | BJ19: ALTERAR ESTRUTURA DE N3 P/ N4 E INSTALAR CHAVE FUSÍVEL NO PG: E513777, FECHAR CHAVE NOVA PRÓXIMO AO PG: E513777 E ENERGIZAR OBRA. | BK19: REVISADO APÓS ANÁLISE | BM19: Programar LV
A20: 9102095590 | B20: B-1156355 | C20: B-1235762 | D20: B-1156352 | E20: MP CIND POV DE CEDRO RURAL | F20: GENTIO DO OURO | G20: ENERGIZADA | I20: MARCOS PAULO CARDOSO - NTS647589 | J20: HIAGO DE CIRQUEIRA PEREIRA - NTS449580 | K20: JOSE EDUARDO GOMES DOS SANTOS LIMA - U468835 | L20: PLANO 14.7.3 - LPT | M20: QLP | N20: 20/10/25 | O20: OBRA APITAR PARA CONSTRUÇÃO CONFORME PROJETO. | P20: 21/10/25 | Q20: 27/10/25 | S20: 2025-133008 | T20: 01/12/2025 | U20: N/A | V20: 2025-133097 | W20: 01/12/2025 | X20: 2025-133206 | Y20: 12/11/2025 | Z20: CONCLUÍDA | AA20: 1040681 | AB20: E894442 AO E894456 | AC20: 1 | AD20: 1 | AE20: 15 | AF20: 15 | AG20: 15 | AH20: 0 | AI20: 100% | AJ20: 100,00% | AK20: 03/11/2025 | AL20: 10/11/2025 | AN20: 12/11/25 | AO20: 2025-11-44942 | AP20: L359620 | AQ20: -11,630717 | AR20: -42,612684 | AS20: R$ 113.856,05 | AT20: R$ 35.032,53 | AU20: 2336 | BA20: XIQ-09V2 | BB20: T15808 | BI20: L359620 | BJ20: ALTERAR ESTRUTURA DE N3-3 P/ N4-3 NO PG: L359620, FECHAR CHAVE NOVA PRÓXIMO AO PG: L359622 E ENERGIZAR OBRA. | BK20: REVISADO APÓS ANÁLISE
A21: 9102349571 | B21: B-1228814 | C21: N/A | D21: N/A | E21: AC-CIND-POV-VELAME-RURAL | F21: IBIPEBA | G21: PROGRAMADA | I21: MARCOS PAULO CARDOSO - NTS647589 | J21: HIAGO DE CIRQUEIRA PEREIRA - NTS449580 | K21: ALINE LIMA SILVA - U468383 | L21: PLANO 7 | M21: QLP | N21: 23/10/25 | O21: OBRA APITAR PARA CONSTRUÇÃO CONFORME PROJETO. | P21: 24/10/25 | Q21: 27/10 | S21: N/A | T21: N/A | U21: N/A | V21: 2025-133220 | W21: 14/11/2025 | X21: 2025-133220 | Y21: 14/11/2025 | Z21: APROVADA | AC21: 0 | AD21: 0 | AE21: 0 | AH21: 0 | AI21: 0% | AJ21: 100,00% | AK21: 14/11/2025 | AL21: 14/11/2025 | AP21: E738697 | AQ21: -11.449132 | AR21: -42.262552 | AS21: R$ 32.909,62 | AT21: R$ 6.229,02 | AU21: 2336 | BA21: MRR-01X3 | BB21: N86510 | BI21: E738697 | BJ21: ABRIR CHAVE N86510 PARA SUBSTITUIR TRAFO E22164 POR TRAFO DE 30KVA, RECONDUTORAMENTO BT DO PG: E738697 AO E738702 E ENERGIZAR OBRA. | BK21: REVISADO APÓS ANÁLISE
A22: 9102345601 | B22: B-1228709 | C22: B-1235745 | D22: B-1235750 | E22: ER-CIND-POV-LAGOA DO ESTEVAO-RURAL | F22: IBITITÁ | G22: ENERGIZADA | I22: EDMILSON RIBEIRO DO NASCIMENTO - NTS354575 | J22: HIAGO DE CIRQUEIRA PEREIRA - NTS449580 | K22: ALINE LIMA SILVA - U468383 | L22: PLANO 14.4.12.1-LPT | M22: QLP | N22: 08/10/25 | O22: OBRA APITA PARA CONSTRUÇÃO.CONFOME PROJETO _x000D_ ENCABEÇAR DE REDE BT_x000D_ | P22: 09/10/25 | Q22: 27/10 | S22: N/A | T22: N/A | U22: N/A | V22: 2025-133101 2025-145124 | W22: 01/12/2025 12/12/2025 | X22: N/A | AB22: E877440 AO E877443 | AC22: 1 | AD22: 1 | AE22: 4 | AF22: 4 | AG22: 4 | AH22: 0 | AI22: 100% | AJ22: 100,00% | AK22: 03/11/2025 | AL22: 03/11/2025 | AN22: 03/11/25 | AO22: 2025-11-6115 | AP22: E312114 | AQ22: -11,595705 | AR22: -41,855320 | AS22: R$ 20.710,78 | AT22: R$ 8.487,70 | AU22: 2298 | BA22: IBB-01Y4 | BB22: V22204 | BI22: E312114 | BJ22: ENCABEÇAR RD BT NO PG: E312114 E ENERGIZAR OBRA. | BK22: REVISADO APÓS ANÁLISE
A23: 9102347075 | B23: B-1228616 | E23: ER-CIND-POV-LICURI DO MULATINHO-RURAL | F23: IBITITÁ | G23: EM EXECUÇÃO | H23: CADASTRAR CHAVE NO GSE PARA PROGRAMAR DESLIGAMENTO. | I23: IRISMAR MARQUES SILVA - NTS493543 | J23: HIAGO DE CIRQUEIRA PEREIRA - NTS449580 | K23: ALINE LIMA SILVA - U468383 | L23: PLANO 7 | M23: QLP | N23: 16/10/25 | O23: OBRA APITAR PARA CONSTRUÇÃO CONFORME PROJETO. 8VÃO DE ADF, DE N3 PARA N4. INSTALA UM GLV, | P23: 20/10/25 | Q23: 27/10/25 | S23: 2025-134796 | T23: 01/12/2025 | U23: N/A | V23: 2025-134452 | W23: 01/12/2025 | X23: 2025-134658 | Y23: 28/11/2025 | Z23: APROVADA | AA23: 1040720 | AB23: E894863 AO E894871 | AC23: 1 | AE23: 19 | AF23: 9 | AG23: 3 | AH23: 16 | AI23: 16% | AJ23: 100,00% | AK23: 19/11/2025 | AL23: 28/11/2025 | AP23: Q132243 | AQ23: -11,602628 | AR23: -41,809423 | AS23: R$ 149.378,63 | AT23: R$ 44.660,52 | AU23: 2290 | BA23: IBB-01Y6 | BB23: J18409 | BI23: Q132243 | BK23: REVISADO APÓS ANÁLISE
A24: 9102299522 | B24: B-1230299 | C24: CRIAR | D24: CRIAR | E24: ER-CIND-POV-LAGEDAO-RURAL | F24: IBITITÁ | G24: EM EXECUÇÃO | I24: EDMILSON RIBEIRO DO NASCIMENTO - NTS354575 | J24: HIAGO DE CIRQUEIRA PEREIRA - NTS449580 | K24: ALINE LIMA SILVA - U468383 | L24: PLANO 7 | M24: QLP | N24: 17/10/25 | O24: OBRA APITAR PARA CONSTRUÇÃO CONFORME PROJETO. | P24: 20/10/25 | Q24: 27/10 | S24: C/ DP | T24: N/A | U24: N/A | V24: 2025-133114 | W24: 01/12/2025 | X24: 2025-133221 | Y24: 14/11/2025 | Z24: APROVADA | AA24: 1040726 | AB24: E894929 AO E894969 | AC24: 2 | AD24: 1 | AE24: 41 | AF24: 40 | AG24: 34 | AH24: 7 | AI24: 83% | AJ24: 100,00% | AK24: 04/11/2025 | AL24: 30/11/2025 | AP24: E811322 | AQ24: -11.542334 | AR24: -41.883423 | AS24: R$ 297.594,02 | AT24: R$ 85.684,83 | AU24: 2298 | BA24: IBB-01Y4 | BB24: E24944 | BI24: E811323 | BJ24: ABRIR CHAVE: E24944 PARA ROTACIONAR POSTE E811323, ALTERAR ESTRUTURA DE N3 P/ N4 E ENERGIZAR OBRA. | BK24: REVISADO APÓS ANÁLISE | BM24: Programar retro
A25: 9101280145 | B25: B-0912481 | C25: N/A | D25: N/A | E25: ME-INTERLIG-IAS-01M3-IRC-01L3 | F25: IRECÊ | G25: CANCELADA | H25: OBRA JA CONSTRUIDA POR OUTRA EPS | I25: VANILSON LUCIO DOS SANTOS SILVA - NTS368534 | J25: DJALMA RIOS DA CRUZ - NTS411576 | L25: PLANO 8 | M25: AL/MELHORAMENTO | N25: 08/10/25 | O25: OBRA JA CONSTRUIDA POR OUTRA EPS | AC25: 0 | AD25: 0 | AE25: 56 | AH25: 0 | AI25: 0% | AP25: Q113834 | AQ25: -11,301559 | AR25: -41,872211 | AS25: R$ 546.724,15 | AT25: R$ 198.189,44 | AU25: 2293 | BK25: .
A26: 9101954542 | B26: B-1100725 | C26: N/A | D26: N/A | E26: IS-COEL-RUA-SANTAREM-BAIXAO DE SINESIA | F26: IRECÊ | G26: RETIRADA DA CARTEIRA | H26: RETIRADA DA CARTEIRA EM REUNIÃO PRESENCIAL COM BRUNA NECESSARIO INSTALAR CHAVE PROVISÓRIA PARA MANOBRA DEVIDO CHI ELEVADO. REALIZAR MANOBRA POIS SE TRATA DO INICIO DE UM ALIMENTADOR. | J26: #N/A | L26: PLANO 8 | M26: INTERV SEGURANÇA | N26: 08/10/25 | O26: REALIZAR SUBSTITUIÇÃO DO POSTE Q181861. NO POSTE EXISTENTENTE UMA CHAVE E 06 GLV. VERIFICAR MELHOR FORMA DE FAZER O DESLIGAMENTO. | U26: N/A | AC26: 0 | AD26: 0 | AE26: 47 | AH26: 0 | AI26: 0% | AP26: Q181861 | AQ26: -11,309433 | AR26: -41,828778 | AU26: #N/A | BA26: IRC-01L9 | BB26: J12831 | BI26: Q181861 | BK26: .
A27: 9102164858 | B27: B-1185230 | C27: N/A | D27: N/A | E27: AC CIND REG. FV POV-PLACAS DE S DOMINGOS | F27: ITAGUAÇU DA BAHIA | G27: RETIRADA DA CARTEIRA | H27: AGUARDANDO DEFINIÇÃO DA COELBA SE IREMOS CONTRUIR TRECHO DA DERIVAÇÃO | I27: ESMERALDO DOS SANTOS OLIVEIRA - NTS551535 | J27: RENATO ALVES DE OLIVEIRA GONCALVES - NTS467500 | K27: JARBAS LIMA VIEIRA - U348612 | L27: PLANO 7 | M27: QLP | N27: 24/10/25 | O27: A OBRA PELA QUAL DEPENDIAMOS PARA EXECUTAR A MESMA AINDA NAO FOI EXECUTADA. | U27: N/A | AA27: 1040684 | AB27: E894457 AO E894462 | AC27: 1 | AD27: 0 | AE27: 6 | AH27: 0 | AI27: 0% | AJ27: 0,00% | AP27: E002097 | AQ27: -10,837245 | AR27: -42,384947 | AS27: R$ 36.798,37 | AT27: R$ 16.182,69 | AU27: 2287 | BA27: RVD-01N1 | BB27: V25512 | BI27: E002097 | BJ27: ALTERAR ESTRUTURA DE N3 P/ N4 NO PG: E002097 | BK27: .
A28: 9102310924 | B28: B-1217092 | E28: ER-CIND-POV-RIO VERDE III-RURAL | F28: ITAGUAÇU DA BAHIA | G28: RETIRADA DA CARTEIRA | J28: #N/A | K28: JARBAS LIMA VIEIRA - U348612 | L28: PLANO 7 | M28: QLP | U28: N/A | X28: N/A | AA28: 1040704 | AB28: E894632 AO E894650 | AC28: 1 | AE28: 19 | AH28: 0 | AI28: 0% | AP28: B892575 | AQ28: -11,009208 | AR28: -42,330768 | AS28: R$ 132.100,53 | AT28: R$ 47.618,24 | AU28: #N/A | BA28: RVD-01N1 | BB28: J58433 | BI28: B892575 | BJ28: ALTERAR ESTRUTURA DE N3 P/ N4 NO PG: B892575, FECHAR CHAVE NOVA PRÓXIMO AO PG: B892575 E ENERGIZAR OBRA. | BK28: .
A29: 9102345156 | B29: B-1228995 | E29: ER-CIND-POV-LAGES-RURAL | F29: ITAGUAÇU DA BAHIA | G29: RETIRADA DA CARTEIRA | J29: #N/A | K29: JARBAS LIMA VIEIRA - U348612 | L29: PLANO 7 | M29: QLP | U29: N/A | X29: N/A | AA29: 1040728 | AB29: E894970 AO E895082 | AC29: 10 | AE29: 113 | AH29: 0 | AI29: 0% | AP29: B798632 | AQ29: -10.838029 | AR29: -42.461932 | AU29: #N/A | BA29: RVD-01N1 | BB29: V05997 | BI29: B798632 | BJ29: INTERCALAR POSTE AT COM N1-3 ENTRE OS PG: B798632 - B798633, FECHAR CHAVE NOVA PRÓXIMO AO PG: B798632 E ENERGIZAR OBRA. | BK29: .
A30: 9102334555 | B30: B-1218109 | E30: ER-CIND-POV-FLORESTA IRINEUS-RURAL | F30: JOÃO DOURADO | G30: EM EXECUÇÃO | I30: VANILSON LUCIO DOS SANTOS SILVA - NTS368534 | J30: DJALMA RIOS DA CRUZ - NTS411576 | K30: PEDRO ANDERSON NERI DE SOUZA - U465037 | L30: PLANO 7 | M30: QLP | N30: 22/10/25 | O30: OBRA APITAR PARA CONSTRUÇÃO. ADF JÁ FOI CONATRUIDA. DE N3-3 PARA N4-3 LV | P30: 23/10/25 | Q30: 27/10 | S30: 2025-132592 | T30: 01/12/2025 | U30: N/A | V30: 2025-132631 | W30: 01/12/2025 | X30: N/A | AA30: 1040705 | AB30: E894651 AO E894669 | AC30: 2 | AE30: 19 | AF30: 19 | AG30: 19 | AH30: 0 | AI30: 100% | AJ30: 100,00% | AK30: 11/11/2025 | AL30: 18/11/2025 | AP30: B652180 | AQ30: -11,243142 | AR30: -41,548018 | AS30: R$ 179.272,42 | AT30: R$ 50.631,07 | AU30: 2293 | BA30: ADD-01W2 | BB30: G36177 | BI30: B652174 | BJ30: ALTERAR ESTRUTURA DE N3 P/ N4 NO PG: B652174 E ENERGIZAR OBRA. | BK30: REVISADO APÓS ANÁLISE
A31: 9102332453 | B31: B-1226260 | E31: ER-CIND-POV-MATA DO MILHO-CENTRO | F31: JOÃO DOURADO | G31: EM EXECUÇÃO | I31: WILIAN DA SILVA SENA - NTS032577 | J31: DJALMA RIOS DA CRUZ - NTS411576 | K31: PEDRO ANDERSON NERI DE SOUZA - U465037 | L31: PLANO 7 | M31: QLP | N31: 09/10/25 | O31: INTERCALAR POSTE MT 11/600 NO OUTRO LADO DA CERCA. POIS SE TRANSFORMAR A EXISTENTE EM N4 VAI SAIR MUITO TORTA POR CONTA DO POSTE DT. | P31: 13/10/25 | Q31: 27/10/25 | S31: 2025-132600 | T31: 01/12/2025 | U31: N/A | V31: 2025-132632 | W31: 01/12/2025 | X31: N/A | AA31: 1040707 | AB31: E894685 AO E894705 | AC31: 3 | AE31: 21 | AF31: 10 | AG31: 2 | AH31: 19 | AI31: 10% | AJ31: 100,00% | AK31: 03/11/2025 | AL31: 14/11/2025 | AP31: E309658 | AQ31: -11,182657 | AR31: -41,397356 | AS31: R$ 191.826,90 | AT31: R$ 51.412,43 | AU31: 2294 | AX31: 0,37 | BA31: IRC-01L4 | BB31: N31196 | BI31: E309658 | BJ31: ALTERAR ESTRUTURA DE N3 P/ N4 NO PG: E309658, FECHAR CHAVE NOVA PRÓXIMO AO PG: E309658 E ENERGIZAR OBRA. | BK31: REVISADO APÓS ANÁLISE
A32: 9102343093 | B32: B-1227809 | E32: ER-CIND-POV-ASSENTAMENTO SERRA AZUL-SERR | F32: JOÃO DOURADO | G32: EM EXECUÇÃO | I32: WILIAN DA SILVA SENA - NTS032577 | J32: DJALMA RIOS DA CRUZ - NTS411576 | K32: PEDRO ANDERSON NERI DE SOUZA - U465037 | L32: PLANO 7 | M32: QLP | N32: 09/10/25 | O32: JA EXISTE UMA OBRA SAINDO DA DERIVAÇÃO EM QUESTAO QUE AINDA ESTA EM EXECUÇÃO, POREM, NA PRIMEIRA N3-3 AO INVES DE IR PRA ESQUERDA VAI PRA DIREITA. | P32: 21/10/25 | Q32: 27/10 | S32: 2025-132601 | T32: 01/12/2025 | U32: N/A | V32: 2025-132634 | W32: 01/12/2025 | X32: N/A | AA32: 1040708 | AB32: E894706 AO E894734 | AC32: 1 | AE32: 29 | AF32: 20 | AG32: 3 | AH32: 26 | AI32: 10% | AJ32: 100,00% | AK32: 17/11/2025 | AL32: 30/11/2025 | AP32: D027549 | AQ32: -11,156158 | AR32: -41,404053 | AS32: R$ 237.459,61 | AT32: R$ 69.838,53 | AU32: 2294 | BA32: IRC-01L4 | BB32: J13493 | BI32: D027549 | BJ32: ALTERAR ESTRUTURA DE N3 P/ N4 NO PG: D027549, FECHAR CHAVE NOVA PRÓXIMO AO PG: D027549 E ENERGIZAR OBRA. | BK32: REVISADO APÓS ANÁLISE
A33: 9102330996 | B33: B-1228556 | E33: ER-CIND-POV-LAGOA DOS LUNDUS-RURAL | F33: JOÃO DOURADO | G33: EM EXECUÇÃO | I33: VANILSON LUCIO DOS SANTOS SILVA - NTS368534 | J33: DJALMA RIOS DA CRUZ - NTS411576 | K33: PEDRO ANDERSON NERI DE SOUZA - U465037 | L33: PLANO 7 | M33: QLP | N33: 09/10/25 | O33: NTERCALAR POSTE MT 11/600 NO PONTO 01 CONFORME PROJETO. | P33: 13/10/25 | Q33: 27/10/25 | S33: 2025-132605 | T33: 01/12/2025 | U33: N/A | V33: 2025-132640 | W33: 01/12/2025 | X33: N/A | AA33: 1040713 | AB33: E894765 AO E894778 | AC33: 1 | AE33: 13 | AF33: 0 | AH33: 13 | AI33: 0% | AJ33: 100,00% | AK33: 03/11/2025 | AL33: 10/11/2025 | AP33: Q112477 | AQ33: -11,158357 | AR33: -41,453961 | AS33: R$ 119.807,68 | AT33: R$ 33.737,14 | AU33: 2293 | AX33: 0,10 | BA33: IRC-01L4 | BB33: V47867 | BI33: Q112477 | BJ33: INTERCALAR POSTE AT COM N1-3 ENTRE OS PG: Q112477 - Q112478, FECHAR CHAVE NOVA PRÓXIMO AO PG: Q112477 E ENERGIZAR OBRA. | BK33: REVISADO APÓS ANÁLISE
A34: 9101152685 | B34: B-0850222 | C34: N/A | D34: N/A | E34: ME-JUDI-POV ANGICO-RURAL | F34: JUSSARA | G34: CANCELADA | H34: ADF JÁ EXECUTADA, TRAFO BIFÁSICO JÁ INSTALDAO E-MAIL ENVIADO 27/10 | I34: FELIPE PEREIRA ALVES - NTS633505 | J34: RENATO ALVES DE OLIVEIRA GONCALVES - NTS467500 | K34: FLAVIO ALMEIDA DOS ANJOS - U468839 | L34: PLANO 8 | M34: AL/MELHORAMENTO | N34: 24/10/25 | O34: OBRA JÁ CONSTRUIDA POR OUTRA EPS. | AC34: 0 | AD34: 0 | AE34: 27 | AH34: 0 | AI34: 0% | AP34: D146877 | AQ34: -10.787621 | AR34: -41.97599 | AS34: R$ 380.725,07 | AT34: R$ 224.947,86 | AU34: 2289 | BK34: .
A35: 9100478456 | B35: B-0606983 | C35: N/A | D35: N/A | E35: ME-ADF.ASSENT.JUAZEIRO/N.HORIZO-RURAL | F35: JUSSARA | G35: CANCELADA | H35: ADF JÁ EXECUTADA, TRAFO BIFÁSICO JÁ INSTALDAO, E-MAIL ENVIADO 27/10 | I35: ENES RAMOS DA SILVA - NTS084535 | J35: RENATO ALVES DE OLIVEIRA GONCALVES - NTS467500 | K35: FLAVIO ALMEIDA DOS ANJOS - U468839 | L35: PLANO 7 | M35: GOVERNO | N35: 24/10/25 | O35: OBRA JÁ CONSTRUIDA POR OUTRA EPS. | AC35: 0 | AD35: 0 | AE35: 2 | AH35: 0 | AI35: 0% | AP35: D272308 | AQ35: -10.925261 | AR35: -41.923102 | AS35: R$ 26.751,73 | AT35: R$ 12.838,19 | AU35: 2288 | BK35: .
A36: 9101724961 | B36: B-1013694 | C36: N/A | D36: N/A | E36: IS-DIST-AVN JASON OLIVEIRA 1-CENTRO | F36: LAPÃO | G36: RETIRADA DA CARTEIRA | H36: OBRA URBANA DE DIFÍCIL EXECUÇÃO. | J36: #N/A | K36: JHONATAN MARANHAO - U617542 | L36: PLANO 8 | M36: INTERV SEGURANÇA | AA36: 1040692 | AB36: E894488 AO E894509 | AC36: 0 | AD36: 0 | AE36: 22 | AH36: 0 | AI36: 0% | AP36: Q192203 | AQ36: -11,381755 | AR36: -41,833177 | AS36: R$ 126.301,65 | AT36: R$ 48.903,02 | AU36: #N/A | BA36: IAS-01M1 | BB36: J15320 | BI36: Q192203 | BK36: .
A37: 9102352016 | B37: B-1228748 | C37: N/A | D37: N/A | E37: AC-CIND-PR -DA IGREJA-RURAL | F37: LAPÃO | G37: ENERGIZADA | I37: ALAN NUNES BARRETO - NTS415566 | J37: DJALMA RIOS DA CRUZ - NTS411576 | K37: JHONATAN MARANHAO - U617542 | L37: PLANO 7 | M37: QLP | N37: 08/10/25 | O37: VERIFICAR: PROJETO DIVERGE DE CAMPO | P37: 30/10/25 | Q37: 30/10/25 | S37: N/A | T37: N/A | U37: N/A | V37: 2025-134612 | X37: 2025-134612 | Y37: 11/11/2025 | Z37: CONCLUÍDA | AC37: 0 | AD37: 0 | AE37: 0 | AF37: 0 | AG37: 0 | AH37: 0 | AI37: 0% | AJ37: 100,00% | AK37: 11/11/2025 | AL37: 11/11/2025 | AN37: 11/11/25 | AO37: 2025-11-37779 | AP37: Q108655 | AQ37: -11,476205 | AR37: -41,770260 | AS37: R$ 3.921,13 | AT37: R$ 1.250,46 | AU37: 2366 | BA37: IBB-01Y6 | BB37: J16156 | BI37: Q108655 | BJ37: DÁ TOMBO NO TRAFO: J16156 E ABRIR PASSAGEM NO PG: Q108655 PARA RECONDUTORAMENTO BT DO PG: Q108655 AO Q108658 E ENERGIZAR OBRA. | BK37: REVISADO APÓS ANÁLISE
A38: 9102248509 | B38: B-1207274 | C38: N/A | D38: N/A | E38: RR-CIND-FAZ-BOA VISTA-RURAL | F38: MORRO DO CHAPÉU | G38: ENERGIZADA | H38: CHAVE NÃO CADASTRADA NO GSE | I38: EDILSON DE SOUZA SANTOS - NTS284548 | J38: DJALMA RIOS DA CRUZ - NTS411576 | K38: JOSE ANTONIO SIMAS NETO - U349485 | L38: PLANO 7 | M38: QLP | N38: 13/10/25 | O38: BITOLA DO CABO NA DERIVAÇÃO É MAIOR. E NAO POSSUI CONEC. ESTRIBO. | P38: 13/10/25 | Q38: 27/10/25 | S38: 2025-133349 2025-137913 | T38: 01/12/2025 | U38: N/A | V38: 2025-133387 | W38: 01/12/2025 | X38: 2025-134340 | Y38: 10/11/2025 | Z38: APROVADA | AA38: 1040691 | AB38: E894476 AO E894487 | AC38: 1 | AD38: 0 | AE38: 11 | AF38: 11 | AG38: 11 | AH38: 0 | AI38: 100% | AJ38: 100,00% | AK38: 03/11/2025 | AL38: 10/11/2025 | AN38: 11/11/25 | AO38: 2025-11-39586 | AP38: B778401 | AQ38: -11,633036 | AR38: -41,149286 | AS38: R$ 145.719,23 | AT38: R$ 38.623,02 | AU38: 2295 | BA38: MCH-01C1 | BB38: G08375 | BI38: B778401 | BJ38: LANÇAR 02 VÃO DE RD MT DO PG: B778405 AO B778420 E ENERGIZAR OBRA. MONTAR BANCADA COM N3 NO PG: B778426 E ENERGIZAR OBRA. | BK38: REVISADO APÓS ANÁLISE
A39: 9102036188 | B39: B-1132224 | C39: N/A | D39: N/A | E39: RU-SEIN-RUA-ANTONIO P NETO 1800-CENTRO | F39: PRESIDENTE DUTRA | G39: RETIRADA DA CARTEIRA | H39: SOLICITADA RETIRADA DA CARTEIRA POR BRUNA VIA WHATSAPP DIA 21/10 | J39: #N/A | K39: FLAVIO ALMEIDA DOS ANJOS - U468839 | L39: PLANO 7 | M39: GOVERNO | N39: 21/10/25 | O39: OBRA APITAR PARA CONSTRUÇÃO CLIENTES AUSENTE NA VISITA. | AA39: 1040715 | AB39: E894784 AO E894849 | AC39: 0 | AD39: 0 | AE39: 66 | AH39: 0 | AI39: 0% | AP39: D052702 | AQ39: -11,288730 | AR39: -41,990090 | AS39: R$ 530.468,62 | AT39: R$ 172.710,37 | AU39: #N/A | BA39: IRC-01L6_x000D_ IRC-01L2 | BB39: V47786 J13577 | BI39: Q110450 D169300 | BJ39: INTERCALAR POSTE AT C/ N4 ENTRE OS PG: Q110450 - D286694, IRC-01L6 POSTE C/ CE3-N4 ENTRE OS PG: D169300 - D052702 IRC-01L2 | BK39: .
A40: 9102339320 | B40: B-1228914 | C40: N/A | D40: N/A | E40: ER-CIND-POV-CANOAOZINHO-RURAL | F40: PRESIDENTE DUTRA | G40: ENERGIZADA | I40: GIORLAN EVANGELISTA SOUZA - NTS063576 | J40: RENATO ALVES DE OLIVEIRA GONCALVES - NTS467500 | K40: JARBAS LIMA VIEIRA - U348612 | L40: PLANO 7 | M40: QLP | N40: 14/10/25 | O40: OBRA APITA PARA CONSTRUÇÃO CONFORME PROJETO | P40: 20/10/25 | Q40: 27/10/25 | S40: N/A | T40: N/A | U40: N/A | V40: 2025-133512 | W40: 01/12/2025 | X40: 2025-133512 | Y40: 11/11/2025 | Z40: CONCLUÍDA | AA40: 1042337 | AB40: E908691 AO E908696 | AC40: 1 | AD40: 0 | AE40: 6 | AF40: 6 | AG40: 6 | AH40: 0 | AI40: 100% | AJ40: 100,00% | AK40: 06/11/2025 | AL40: 11/11/2025 | AN40: 11/11/25 | AO40: 2025-11-37987 | AP40: E833174 | AQ40: -11.306555 | AR40: -42.02167 | AS40: R$ 39.811,02 | AT40: R$ 15.930,92 | AU40: 2338 | AX40: 0,60 | BA40: IRC-01L6 | BB40: W52721 | BI40: E812537 | BJ40: ABRIR CHAVE TRAFO: E24663 PARA RECONDUTORAMENTO BT DO PG: E812537 AO E833174 E ENERGIZAR OBRA. | BK40: REVISADO APÓS ANÁLISE
A41: 9102315541 | B41: B-1212255 | C41: B-1235744 | D41: B-1235749 | E41: ER-CIND-POV-VARIANTE-RURAL | F41: SÃO GABRIEL | G41: ENERGIZADA | H41: HAVERÁ REDUÇÃO DE POSTES, SOLICITADO VISITA DO AR PARA INCLUSÃO DOS ADICIONAIS | I41: REVERTON BASTOS ROCHA NOVAIS - NTS972592 | J41: RENATO ALVES DE OLIVEIRA GONCALVES - NTS467500 | K41: FLAVIO ALMEIDA DOS ANJOS - U468839 | L41: PLANO 14.4.12.1-LPT | M41: QLP | N41: 21/10/25 | O41: ALTERAR DERIVAÇÃO. MONTAR ESTRUTURA N3 NO PG E855712 E MONTAR N4 COM CHAVE NO PONTO 05. | P41: 27/10/25 | Q41: 28/10/25 | S41: 2025-138157 | T41: 01/12/2025 | U41: N/A | V41: 2025-138157 | W41: 01/12/2025 | X41: N/A | AA41: 1040701 | AB41: E894596 AO E894616 | AC41: 1 | AD41: 1 | AE41: 7 | AF41: 7 | AG41: 7 | AH41: 0 | AI41: 100% | AJ41: 100,00% | AK41: 04/11/2025 | AL41: 06/11/2025 | AN41: 06/11/25 | AO41: 2025-11-14478 | AP41: D399496 | AQ41: -11,174356 | AR41: -41,803870 | AS41: R$ 194.370,65 | AT41: R$ 70.155,00 | AU41: 2374 | BA41: IRC-01L5 | BB41: J52532 | BI41: D399496 | BJ41: ALTERAR ESTRUTURA DE N3 P/ N4 NO PG: D399496, FECHAR CHAVE NOVA PRÓXIMO AO PG: D399496 E ENERGIZAR OBRA. | BK41: REVISADO APÓS ANÁLISE
A42: 9102346566 | B42: B-1227921 | C42: N/A | D42: N/A | E42: ER-CIND-PR -VARIANTE II-RURAL | F42: SÃO GABRIEL | G42: ENERGIZADA | I42: REVERTON BASTOS ROCHA NOVAIS - NTS972592 | J42: RENATO ALVES DE OLIVEIRA GONCALVES - NTS467500 | K42: FLAVIO ALMEIDA DOS ANJOS - U468839 | L42: PLANO 7 | M42: QLP | N42: 21/10/25 | O42: ACESSAR A OBRA PELO PONTO ENVIADO NA VISITA. É SO IR RETO E DEPOIS ENTRAR A DIREITA NA N1-3. AI É SO SEGUIR A REDE. | P42: 21/10/25 | Q42: 27/10/25 | S42: N/A | T42: N/A | U42: N/A | V42: 2025-131459 | W42: 01/12/2025 | X42: N/A | AA42: 1040709 | AB42: E894735 AO E894739 | AC42: 1 | AD42: 0 | AE42: 5 | AF42: 5 | AG42: 5 | AH42: 0 | AI42: 100% | AJ42: 100,00% | AK42: 03/11/2025 | AL42: 03/11/2025 | AN42: 03/11/25 | AO42: 2025-11-5803 | AP42: E836219 | AQ42: -11,164902 | AR42: -41,781158 | AS42: R$ 24.722,48 | AT42: R$ 10.200,19 | AU42: 2374 | BA42: IRC-01L5 | BB42: E25062 | BI42: E836219 | BJ42: ENCABEÇAR RD BT NO PG: E836219 E ENERGIZAR OBRA. | BK42: REVISADO APÓS ANÁLISE
A43: 9102346633 | B43: B-1229034 | E43: ER-CIND-POV-TRAVESSAO-RURAL-SAO GABRIEL | F43: SÃO GABRIEL | G43: RETIRADA DA CARTEIRA | H43: RETIRADA DA CARTEIRA POR RESTRIÇÃO AMBIENTAL, E-MAIL 29/10 | I43: VANILSON LUCIO DOS SANTOS SILVA - NTS368534 | J43: DJALMA RIOS DA CRUZ - NTS411576 | K43: FLAVIO ALMEIDA DOS ANJOS - U468839 | L43: PLANO 7 | M43: QLP | N43: 21/10/25 | O43: MONTAR ESTRUTURA N3 CONFORME PROJETO. | P43: 22/10/25 | Q43: 27/10/25 | X43: N/A | AA43: 1040725 | AB43: E894906 AO E894928 | AC43: 3 | AE43: 23 | AH43: 0 | AI43: 0% | AP43: B712640 | AQ43: -10.971534 | AR43: -41.542373 | AS43: R$ 199.845,89 | AT43: R$ 72.539,80 | AU43: 2293 | BA43: IRC-01L4 | BB43: G36251 | BI43: B712640 | BJ43: MONTAR BANCADA COM N3 NO PG: B712640, FECHAR CHAVE NOVA PRÓXIMO AO PG: B712640 E ENERGIZAR OBRA.
A44: 9102346638 | B44: B-1228726 | C44: N/A | D44: N/A | E44: AC-CIND-POV-CAMAROTE-RURAL | F44: UIBAÍ | G44: ENERGIZADA | I44: GIORLAN EVANGELISTA SOUZA - NTS063576 | J44: RENATO ALVES DE OLIVEIRA GONCALVES - NTS467500 | K44: JARBAS LIMA VIEIRA - U348612 | L44: PLANO 7 | M44: JUDICIAL | N44: 07/10/2025 | O44: SUBSTITUIR TRAFO CONFORME PROJETO. INFORMAÇÕES DAS ESTRUTURAS ESTÃO NOS PONTOS. | P44: 08/10/25 | Q44: 27/10/25 | S44: C/ DP | T44: N/A | U44: N/A | V44: 2025-133519 | W44: 12/11/2025 | X44: 2025-133519 | Y44: 12/11/2025 | Z44: CONCLUÍDA | AC44: 0 | AD44: 0 | AE44: 0 | AF44: 0 | AG44: 0 | AH44: 0 | AI44: 0% | AJ44: 100,00% | AK44: 12/11/2025 | AL44: 12/11/2025 | AN44: 12/11/25 | AO44: 2025-11-42952 | AP44: E247084 | AQ44: -11,355628 | AR44: -42,108336 | AS44: R$ 25.239,01 | AT44: R$ 2.967,69 | AU44: 2338 | BA44: IRC-01L6 | BB44: V18592 | BI44: E247082 | BJ44: ABRIR CHAVE: V18592 PARA SUBSTITUIR TRAFO V18593 POR TRAFO DE 30KVA, RECONDUTORAMENTO BT DO PG: E247082 AO E247084 E ENERGIZAR OBRA. | BK44: REVISADO APÓS ANÁLISE
A45: 9102346624 | B45: B-1228821 | C45: N/A | D45: N/A | E45: ER-CIND-POV-HIDROLANDIA-RURAL | F45: UIBAÍ | G45: ENERGIZADA | I45: GIORLAN EVANGELISTA SOUZA - NTS063576 | J45: RENATO ALVES DE OLIVEIRA GONCALVES - NTS467500 | K45: JARBAS LIMA VIEIRA - U348612 | L45: PLANO 7 | M45: JUDICIAL | N45: 07/10/2025 | O45: ALTERAR DERIVAÇÃO. | P45: 08/10/25 | Q45: 27/10/25 | S45: N/A | T45: N/A | U45: N/A | V45: 2025-136935 | W45: 01/12/2025 | X45: N/A | AA45: 1040714 | AB45: E894779 AO E894783 E811260 | AC45: 2 | AD45: 0 | AE45: 6 | AF45: 6 | AG45: 6 | AH45: 0 | AI45: 100% | AJ45: 100,00% | AK45: 03/11/2025 | AL45: 05/11/2025 | AN45: 04/11/25 | AO45: 2025-11-8437 | AP45: Q185412 | AQ45: -11,249115 | AR45: -42,164449 | AS45: R$ 26.052,70 | AT45: R$ 10.917,06 | AU45: 2338 | BA45: IRC-01L6 | BB45: J12229 | BI45: Q185414 | BJ45: ENCABEÇAR RD BT NO PG: Q185414 E ENERGIZAR OBRA. | BK45: REVISADO APÓS ANÁLISE
A46: 9102142201 | B46: B-1171167 | E46: ER-CIND-ET-XIQUE-XIQUE A BARRA-RURAL | F46: XIQUE-XIQUE | G46: PARALISADA | H46: SUBSTITUIR POSTS BT E RELOCAR TRAFOEXISTENTE PARA PONTO 04, E INTSLAR TRAFO 75 KVA EXCLUSIVO PRA ATENDER USINA | I46: ESMERALDO DOS SANTOS OLIVEIRA - NTS551535 | J46: RENATO ALVES DE OLIVEIRA GONCALVES - NTS467500 | K46: JOSE EDUARDO GOMES DOS SANTOS LIMA - U468835 | L46: PLANO 7 | M46: QLP OBRAS SIMPLIFICADAS | N46: 15/10/2025 | O46: OBRA APITAR PARA CONSTRUÇÃO. | S46: 2025-137815 | U46: 2025-137819 | V46: 2025-133364 | X46: 2025-132808 2025-143475 | Z46: CANCELADA | AA46: 1040689 | AB46: E894471 AO E894475 | AC46: 1 | AE46: 5 | AH46: 0 | AI46: 0% | AJ46: x | AP46: R073268 | AQ46: -10,844978 | AR46: -42,736844 | AS46: R$ 62.580,11 | AT46: R$ 12.044,25 | AU46: 2287 | BA46: XIQ-01M3 | BB46: J16428 | BI46: R073268 | BJ46: INSTALAR BANCADA C/ N3 NO PG: E298925 E ENERGIZAR OBRA. | BK46: .
A47: 9102249202 | B47: B-1203929 | E47: ER-CIND-ROD- BA 160-XIQUE-XIQUE MOD | F47: XIQUE-XIQUE | G47: RETIRADA DA CARTEIRA | I47: MARCOS PAULO CARDOSO - NTS647589 | J47: HIAGO DE CIRQUEIRA PEREIRA - NTS449580 | K47: JOSE EDUARDO GOMES DOS SANTOS LIMA - U468835 | L47: PLANO 7 | M47: QLP | N47: 15/10/2025 | O47: OBRA APITAR PARA CONSTRUÇÃO. NA DERIVAÇÃO EXISTE UM DECLINIO DE UMA TRAVECIA DE BA.NO GEOEX NÃO TEM PROJETO DE TRAVESIA. | AA47: 1040695 | AB47: E894541 AO E894546 | AC47: 1 | AE47: 6 | AH47: 0 | AI47: 0% | AP47: B967463 | AQ47: -11,088414 | AR47: -43,106992 | AS47: R$ 129.146,66 | AU47: 2336 | BA47: BRR-01C2 | BB47: V00204 | BI47: B967463 | BJ47: INTERCALAR POSTE AT COM CE1-N3 ENTRE OS PG: B967463 - B967462, FECHAR CHAVE NOVA PRÓXIMO AO PG: B967463 E ENERGIZAR OBRA. | BK47: .
A48: 9102254627 | B48: B-1199912 | C48: N/A | D48: N/A | E48: GD-9102254627-XIQ-09V1 | F48: XIQUE-XIQUE | G48: CANCELADA | H48: SEM MAGNÉTICO | I48: ESMERALDO DOS SANTOS OLIVEIRA - NTS551535 | J48: RENATO ALVES DE OLIVEIRA GONCALVES - NTS467500 | K48: JOSE EDUARDO GOMES DOS SANTOS LIMA - U468835 | L48: PLANO 7 | M48: QLP | S48: S/ MAGNÉTICO | U48: N/A | V48: S/ MAGNÉTICO | AC48: 0 | AD48: 0 | AE48: 0 | AH48: 0 | AI48: 0% | AU48: 2287 | BK48: .
A49: 9102349100 | B49: B-1228600 | E49: IS-COEL-AV-ALMERINDO PORTUGAL-CENTRO | F49: CAFARNAUM | G49: RETIRADA DA CARTEIRA | H49: RETIRADA DA CARTEIRA - EMAIL 16/10 | I49: ALEX SANDRO SANTOS BISPO - NTS877502 | J49: DJALMA RIOS DA CRUZ - NTS411576 | K49: MANOEL MESSIAS ALENCAR - U359765 | L49: PLANO 8 | M49: GOVERNO | N49: 15/10/25 | O49: A OBRA DIVERGE CAMPO X PROJETO. | AE49: 3 | AH49: 0 | AI49: 0% | AP49: Q124804 | AQ49: -11,703590 | AR49: -41,470328 | AS49: R$ 57.150,07 | AT49: R$ 23.667,99 | AU49: 2296
A50: 9101929856 | B50: B-1090711 | E50: IS-COEL-RUA-JOSE GONCALVES-CENTRO | F50: CAFARNAUM | G50: RETIRADA DA CARTEIRA | H50: RETIRADA DA CARTEIRA - EMAIL 16/10 | I50: ENES RAMOS DA SILVA - NTS084535 | J50: RENATO ALVES DE OLIVEIRA GONCALVES - NTS467500 | K50: MANOEL MESSIAS ALENCAR - U359765 | L50: PLANO 8 | M50: INTERV SEGURANÇA | N50: 15/10/2025 | O50: SUBSTITUIR POSTES CONFORME PROJETO. INSTALANDO NO POSTE Q122253 B1-B3. PARA LIVRAR A VARANDA. E NO POSTE Q122252 MONTAR B4. | AE50: 2 | AH50: 0 | AI50: 0% | AP50: Q122252 | AQ50: -11,691543 | AR50: -41,468158 | AS50: R$ 16.869,19 | AT50: R$ 8.024,34 | AU50: 2288
A51: 9101734461 | B51: B-1011861 | E51: IS-COEL-FAZ-SUELI-RURAL | F51: CANARANA | G51: EM EXECUÇÃO | H51: SUBSTITUIR POSTES BT | I51: IRISMAR MARQUES SILVA - NTS493543 | J51: HIAGO DE CIRQUEIRA PEREIRA - NTS449580 | K51: MANOEL MESSIAS ALENCAR - U359765 | L51: PLANO 8 | M51: INTERV SEGURANÇA | N51: 15/10/2025 | O51: MONTAR ESTRUTURA B3 NO PG B696749. EM CAMPO JA É N1, MONTAR ESTRUTURAS BECO. PA REDE VAI PASSAR EM FRENTE A LOTES DE CASAS E MUROS JA PRONTOS | P51: 20/10/25 | Q51: 27/10/25 | S51: C/ DP | T51: N/A | U51: 2025-134479 | V51: 2025-134488 2025-144132 | W51: 18/11/2025 24/11/2025 | X51: 2025-134488 2025-144132 | Y51: 18/11/2025 24/11/2025 | Z51: APROVADA | AA51: 1041326 | AB51: E898309 AO E898318 | AC51: 0 | AD51: 0 | AE51: 11 | AF51: 11 | AG51: 3 | AH51: 8 | AI51: 27% | AJ51: 100,00% | AK51: 14/11/2025 | AL51: 18/11/2025 | AP51: B696749 | AQ51: -11.701598 | AR51: -41.759803 | AS51: R$ 45.896,49 | AT51: R$ 19.527,71 | AU51: 2290 | BA51: IBB-01Y8 | BB51: J17062 | BI51: Q131851 | BJ51: DESATIVAR RD MT DO PG: Q131851 AO Q131854 | BK51: REVISADO APÓS ANÁLISE
A52: 9101889607 | B52: B-1069170 | E52: IS-COEL-AV-ANTONIO CARLOS MAGALHA-CENTRO | F52: MORRO DO CHAPÉU | G52: RETIRADA DA CARTEIRA | H52: RETIRADA DA CARTEIRA - EMAIL 16/10 | I52: WILIAN DA SILVA SENA - NTS032577 | J52: DJALMA RIOS DA CRUZ - NTS411576 | K52: JOSE ANTONIO SIMAS NETO - U349485 | L52: PLANO 8 | M52: INTERV SEGURANÇA | N52: 16/10/25 | O52: MONTAR B4 COM CRUZETA L NO POSTE Q151363. CONECTANDO NUA COM XLPE. FLBIT CONECTORES. | AE52: 2 | AH52: 0 | AI52: 0% | AP52: Q151363 | AQ52: -11,552386 | AR52: -41,157267 | AS52: R$ 22.036,93 | AT52: R$ 9.819,58 | AU52: 2294
A53: 9102031104 | B53: B-1121804 | E53: AL GRUA POV RIO VERDE RURAL | F53: ITAGUAÇU DA BAHIA | G53: PARALISADA | H53: ALIMENTADOR SAINDO DA SUBESTAÇÃO RVD. | I53: ESMERALDO DOS SANTOS OLIVEIRA - NTS551535 | J53: RENATO ALVES DE OLIVEIRA GONCALVES - NTS467500 | K53: JOSE EDUARDO GOMES DOS SANTOS LIMA - U468835 | L53: PLANO 7 | M53: QLP | N53: 23/10/25 | O53: OBRA COM DIVERSAS DIFICULDADES. NÃO HA ACESSO PARA REMOVER OS POSTES E DA PRIMEIRA N3-3 ATE O POSTE D663312 NECESSITA DE ABRIR ACESSO. | S53: AVALIAR | U53: N/A | V53: 2025-133389 | Z53: SOLICITAR | AA53: 1041328 | AB53: E898319 AO E898390 | AC53: 0 | AD53: 0 | AE53: 72 | AH53: 0 | AI53: 0% | AJ53: x | AP53: Q127113 | AQ53: -10,981600 | AR53: -42,347256 | AS53: R$ 1.083.462,31 | AT53: R$ 328.271,41 | AU53: 2287 | BA53: RVD-01N1 | BB53: J16114 | BI53: D534189 | BJ53: DESATIVAR REDE MT DO PG: D534189 AO D358028. ADF DO PG: D534194 AO POSTE NOVO PROXIMO DO PG: B550689.REALOCAR CHAVE J16114 PARA PG: D534193. REALOCAR CHAVE W62645 PARA O PG: D516677. SUBSTITUIR POSTES BT POR AT DO PG: D527804 AO D753316. SUBSTITUIR POSTES AT NO PG: Q200354, Q200353, Q200350, Q200347, Q200346. RECONDUTORAMENTO MT DO PG: D527804 AO D663312. DESATIVAR REDE MT DO PG: Q200345 AO Q127110. | BK53: .
A54: 9102078569 | B54: B-1140811 | E54: ER-CIND-POV-PLANALTO-RURAL | F54: CANARANA | G54: PROGRAMADA | I54: MARCOS PAULO CARDOSO - NTS647589 | J54: HIAGO DE CIRQUEIRA PEREIRA - NTS449580 | K54: MANOEL MESSIAS ALENCAR - U359765 | L54: PLANO 7 | M54: QLP | N54: 22/10/25 | O54: ADICIONAR FASE. INTERCALAR POSTE 12/600 COM FLABIDT +U3 E N1 TRIF. | P54: 24/10/25 | Q54: 27/10/2025 | S54: C/ DP | T54: N/A | U54: N/A | V54: 2025-134642 | W54: 01/12/2025 | X54: 2025-134642 | Y54: 25/11/2025 | Z54: APROVADA | AA54: 1041330 | AB54: E898391 AO E898397 | AE54: 7 | AH54: 7 | AI54: 0% | AJ54: 100,00% | AK54: 19/11/2025 | AL54: 27/11/2025 | AP54: B464724 | AQ54: -11,805420 | AR54: -41,738076 | AS54: R$ 78.731,36 | AT54: R$ 18.559,37 | AU54: 2336 | BA54: MGM-09Z3 | BB54: G23544 | BI54: B464724 | BJ54: ABRIR CHAVE G23544 PARA ADICIONAR FASE DO PG: B464724 AO B926493, SUBSTITUIR TRAFO G48556 POR TRAFO DE 30KVA, SUBSTITUIR RD BT DO PG: B926493 AO B926494, E ENERGIZAR OBRA. | BK54: REVISADO APÓS ANÁLISE
A55: 9102297652 | B55: B-1209864 | E55: ER-CIND-POV-LAGOA DO AGOSTINHO-RURAL | F55: CAFARNAUM | G55: RETIRADA DA CARTEIRA | H55: OBRA INICIADA POR OUTRA EPS, E-MAIL ENVIADO 23/10 | I55: EDILSON DE SOUZA SANTOS - NTS284548 | J55: DJALMA RIOS DA CRUZ - NTS411576 | K55: MANOEL MESSIAS ALENCAR - U359765 | L55: PLANO 7 | M55: QLP | N55: 22/10/25 | O55: JÁ SENDO EXECUTADO POR OUTRA EPC. | U55: N/A | X55: N/A | AA55: 1041333 | AB55: E898398 AO E898405 | AE55: 8 | AH55: 0 | AI55: 0% | AP55: B639953 | AQ55: -11,738757 | AR55: -41,518414 | AS55: R$ 86.912,94 | AT55: R$ 17.474,60 | BA55: MGM-09Z5 | BB55: G58479 | BI55: B639954 | BJ55: INTERCALAR POSTE AT COM N1 E TRAFO ENTRE OS PG: B639954 - B639953, FECHAR CHAVE NOVA PRÓXIMO AO PG: B639953 E ENERGIZAR OBRA. | BK55: .
A56: 9102153430 | B56: B-1182565 | E56: AC-COEL-RUA-ANTERO VIEIRA-CENTRO | F56: IBIPEBA | G56: EM EXECUÇÃO | H56: MELHORAMENTO EM UM ALIMENTADOR | I56: MARCOS PAULO CARDOSO - NTS647589 | J56: HIAGO DE CIRQUEIRA PEREIRA - NTS449580 | K56: ALINE LIMA SILVA - U468383 | L56: PLANO 7 | M56: INSTITUCIONAL | N56: 20/10/25 | O56: OBRA APITAR PARA CONSTRUÇÃO. ADF SEGUE COMFORME PONTOS COLETADO. | P56: 27/10/25 | Q56: 27/10/25 | S56: 2025-133012 | T56: 01/12/2025 | U56: N/A | V56: 2025-133115 | W56: 01/12/2025 | X56: 2025-133223 | Y56: 18/11/2025 | Z56: APROVADA | AA56: 1041336 | AB56: E898406 AO E898422 | AC56: 0 | AD56: 0 | AE56: 17 | AF56: 17 | AG56: 3 | AH56: 14 | AI56: 18% | AJ56: 90,00% | AK56: 11/11/2025 | AL56: 18/11/2025 | AP56: Q124398 | AQ56: -11,489303 | AR56: -42,273487 | AS56: R$ 145.283,49 | AT56: R$ 38.120,01 | AU56: 2336 | BA56: MRR-01X1 | BB56: J14193 | BI56: Q124398 | BJ56: ABRIR CHAVE XXX PARA ADICIONAR FASE DO PG: Q124398 AO D150041 E ENERGIZAR OBRA | BK56: REVISADO APÓS ANÁLISE
A57: ITAGUAÇU DA BAHIA | B57: B-1194973 | E57: RR-CIND-POV-MUNDINHO-RURAL | F57: ITAGUAÇU DA BAHIA | G57: CANCELADA | H57: 8,3KM ADF | I57: FELIPE PEREIRA ALVES - NTS633505 | J57: RENATO ALVES DE OLIVEIRA GONCALVES - NTS467500 | K57: JOSE EDUARDO GOMES DOS SANTOS LIMA - U468835 | L57: PLANO 7 | M57: GOVERNO | N57: 24/10/25 | O57: OBRA COM DIVERSAS DIFICULDADES, ATENÇÃO, AS DUAS OBRAS DE MUNDINHO PEDE PRA ADICIONAR FASE NO MESMO LOCAL E FAZER PRATICAMENTE OS MESMOS SERVIÇOS | U57: N/A | AA57: 1041339 | AB57: E898423 AO E898437 | AE57: 15 | AH57: 0 | AI57: 0% | AP57: Q192453 | AQ57: -11,029144 | AR57: -42,179368 | AS57: R$ 200.848,05 | AT57: R$ 53.525,14 | BA57: IRC-01L8 | BB57: G15214 | BI57: Q197445 | BJ57: ABRIR CHAVE G15215 PARA ADICIONAR FASE DO PG: Q197445 AO Q192453, SUBST. PT MT Q197462, INTERCALAR POSTE AT C/ N1 E TF ENTRE OS PG: Q192452 - Q192451, | BK57: .
A58: 9102347134 | B58: B-1229074 | C58: CRIAR | D58: CRIAR | E58: ER-CIND-POV-VARIANTE-RURAL SAO GABRIEL | F58: SÃO GABRIEL | G58: EM EXECUÇÃO | I58: REVERTON BASTOS ROCHA NOVAIS - NTS972592 | J58: RENATO ALVES DE OLIVEIRA GONCALVES - NTS467500 | K58: FLAVIO ALMEIDA DOS ANJOS - U468839 | L58: PLANO 7 ALTERAR P/ 14 | M58: QLP | N58: 21/10/25 | O58: ENCABECAR REDE CONFORME PROJETO E SUBSTITUIR OS POSTES. | P58: 30/10/25 | Q58: 30/10/25 | S58: 2025-131446 | T58: 01/12/2025 | U58: 2025-131517 | V58: 2025-131461 | W58: 01/12/2025 | X58: N/A | AA58: 1041341 | AB58: E898438 AO E898444 | AC58: 2 | AD58: 1 | AE58: 15 | AF58: 15 | AG58: 13 | AH58: 2 | AI58: 87% | AJ58: 100,00% | AK58: 13/11/2025 | AL58: 25/11/2025 | AP58: E289570 | AQ58: -11,152108 | AR58: -41,801523 | AS58: R$ 124.269,06 | AT58: R$ 45.673,78 | AU58: 2374 | AW58: 0,24 | BA58: IRC-01L5 | BB58: V22512 | BI58: E289571 | BJ58: ABRIR CHAVE DO TRAFO V22513 PARA SUBSTITUIR POSTES BT POR AT DO PG: E289571 AO B319790 E ENERGIZAR OBRA. | BK58: REVISADO APÓS ANÁLISE
A59: 9102351063 | B59: B-1229084 | E59: ER-CIND-POV-QUEIMADA J-RURAL | F59: CANARANA | G59: RETIRADA DA CARTEIRA | H59: RETIRADA DA CARTEIRA POR RESTRIÇÃO AMBIENTAL, E-MAIL 29/10 - CONFIRMADO RETIRDA DIA05/11 | I59: JARBAS SOUZA AMORIM - NTS987502 | J59: HIAGO DE CIRQUEIRA PEREIRA - NTS449580 | L59: PLANO 7 | N59: 22/10/25 | O59: INTERCALAR POSTE MT CONFORME PROJETO. PASSA POSTE DE 12. | P59: 24/10/25 | Q59: 27/10/25 | S59: 2025-133601 | U59: N/A | V59: 2025-133609 | X59: N/A | AA59: 1041343 | AB59: E898452 AO E898476 | AE59: 25 | AH59: 0 | AI59: 0% | AP59: A488090 | AQ59: -11,856462 | AR59: -41,689598 | AS59: R$ 248.350,18 | AT59: R$ 78.848,43 | BA59: MGM-09Z3 | BB59: G29189 | BI59: A488091 | BJ59: INTERCALAR POSTE AT COM N1-3 ENTRE OS PG: A488091 - A488090, FECHAR CHAVE NOVA PRÓXIMO AO PG: A488090 E ENERGIZAR OBRA. | BK59: .
A60: 9102340747 | B60: B-1230240 | C60: N/A | D60: N/A | E60: RR-CIND-POV-TABOA DO MOINHO-RURAL | F60: SÃO GABRIEL | G60: ENERGIZADA | I60: REVERTON BASTOS ROCHA NOVAIS - NTS972592 | J60: RENATO ALVES DE OLIVEIRA GONCALVES - NTS467500 | K60: FLAVIO ALMEIDA DOS ANJOS - U468839 | L60: PLANO 7 | M60: QLP | N60: 21/10/25 | O60: INTERCALAR POSTE 11/600 COM ESTRUTURA MT N1-3 COM CHAVE. ENTRE OS POSTES Q111957 E O Q111958. | P60: 27/10/25 | Q60: 27/10/25 | S60: 2025-138173 | T60: 01/12/2025 | U60: N/A | V60: 2025-138173 | W60: 01/12/2025 | X60: N/A | AA60: 1041344 | AB60: E898477 AO E898487 | AC60: 1 | AD60: 0 | AE60: 11 | AF60: 11 | AG60: 11 | AH60: 0 | AI60: 100% | AJ60: 100,00% | AK60: 07/11/2025 | AL60: 12/11/2025 | AN60: 08/11/25 | AO60: 2025-11-24281 | AP60: Q111957 | AQ60: -11,157695 | AR60: -41,720149 | AS60: R$ 96.044,74 | AT60: R$ 27.846,85 | AU60: 2374 | BA60: IRC-01L4 | BB60: J52506 | BI60: Q111957 | BJ60: MONTAR BANCADA COM N3 NO PG: Q111957, FECHAR CHAVE NOVA PRÓXIMO AO PG: Q111957 E ENERGIZAR OBRA. | BK60: REVISADO APÓS ANÁLISE
A61: 9102162832 | B61: B-1231676 | E61: IT-GRUA-FAZ- LAGOA NOVA-RURAL | F61: IRECÊ | G61: CANCELADA | H61: OBRA EXECUTADA POR OUTRA EPS COM OUTRO PROJETO | I61: ALAN NUNES BARRETO - NTS415566 | J61: DJALMA RIOS DA CRUZ - NTS411576 | K61: PEDRO ANDERSON NERI DE SOUZA - U465037 | L61: PLANO 7 | N61: 17/10/25 | O61: OBRA APITA PARA CONSTRUÇÃO CONFORME PROJETO. | P61: 20/10/25 | Q61: 28/10/2025 | U61: N/A | X61: N/A | AA61: 1041361 | AB61: E898488 AO E898494 | AC61: 0 | AD61: 0 | AE61: 7 | AF61: 3 | AH61: 0 | AI61: 0% | AP61: D631067 | AQ61: -11,341875 | AR61: -41,740398 | AS61: R$ 82.519,71 | AT61: R$ 28.849,69 | AW61: N/A | AX61: N/A | BA61: IAS-01M2 | BB61: N15263 | BI61: D631067 | BJ61: ALTERAR ESTRUTURA DE N3 P/ N4 NO PG: D631067, FECHAR CHAVE NOVA PRÓXIMO AO PG: D631067 E ENERGIZAR OBRA. | BK61: .
A62: 9101098183 | B62: B-0791391 | E62: ME-CCOL-POV. MUNDINHO-RURAL | F62: ITAGUAÇU DA BAHIA | G62: PROGRAMADA | H62: MAIS DE 10KM DE ADF, MELHORAMENTO NO TRECHO DA ADF | I62: ENES RAMOS DA SILVA - NTS084535 | J62: RENATO ALVES DE OLIVEIRA GONCALVES - NTS467500 | K62: JOSE EDUARDO GOMES DOS SANTOS LIMA - U468835 | L62: PLANO 7 | M62: AIC AUDITORIA | N62: 24/10/25 | O62: OBRA COM DIVERSAS DIFICULDADES, ATENÇÃO, AS DUAS OBRAS DE MUNDINHO PEDE PRA ADICIONAR FASE NO MESMO LOCAL E FAZER PRATICAMENTE OS MESMOS SERVIÇOS | S62: 2025-134400 | T62: 01/12/2025 | U62: N/A | V62: CRIAR | X62: CRIAR | Z62: SOLICITAR | AA62: 1041820 | AB62: E903605 AO E903654 | AC62: 0 | AD62: 0 | AE62: 46 | AH62: 46 | AI62: 0% | AJ62: x | AP62: Q197444 | AQ62: -11.077617 | AR62: -42.135719 | AS62: R$ 393.547,22 | AT62: R$ 203.193,51 | AU62: 2288 | BA62: IRC-01L8 | BB62: G15214 | BI62: Q197444 | BK62: .
A63: 9102343680 | B63: B-1229264 | C63: B-1235763 | D63: B-1235765 | E63: ER-CIND-POV-LAGOA DO CHICO EDU-RURAL | F63: ITAGUAÇU DA BAHIA | G63: EM EXECUÇÃO | H63: 2,3KM ADF | I63: ENES RAMOS DA SILVA - NTS084535 | J63: RENATO ALVES DE OLIVEIRA GONCALVES - NTS467500 | K63: JOSE EDUARDO GOMES DOS SANTOS LIMA - U468835 | L63: PLANO 7 ALTERAR P/ 14 | M63: QLP | N63: 23/10/25 | O63: ADF DE ACORDO PROJETO | P63: 23/10/25 | Q63: 27/10/25 | S63: 2025-134402 | T63: 01/12/2025 | U63: N/A | V63: 2025-134462 | W63: 01/12/2025 | X63: 2025-134906 | Y63: 17/11/2025 | Z63: APROVADA | AA63: 1041821 | AB63: E903655 AO E903680 | AC63: 1 | AD63: 1 | AE63: 19 | AF63: 19 | AG63: 19 | AH63: 0 | AI63: 100% | AJ63: 90,00% | AK63: 04/11/2025 | AL63: 17/11/2025 | AP63: E495412 | AQ63: -11,011449 | AR63: -42,293051_x000D_ | AS63: R$ 259.828,23 | AT63: R$ 73.114,07 | AU63: 2288 | BA63: CDI-09Z2 | BB63: W70413 | BI63: E495412 | BK63: REVISADO APÓS ANÁLISE
A64: 9102345439 | B64: B-1229383 | E64: ER-CIND-POV-ALAGOINHAS-RURAL-UIBAI | F64: UIBAÍ | G64: RETIRADA DA CARTEIRA | H64: DIRECIONADA PRA OUTRA EPS, TENDIDA PELO PARACER 23, SEGUNDO BRUNA VIA HATSAPP DIA 24/10 | I64: FELIPE PEREIRA ALVES - NTS633505 | J64: RENATO ALVES DE OLIVEIRA GONCALVES - NTS467500 | L64: PLANO 7 | AE64: 7 | AH64: 0 | AI64: 0% | AT64: R$ 2.170,56 | AU64: 2289 | BK64: .
A65: 9102345790 | B65: B-1231419 | C65: B-1235122 | D65: B-1235135 | E65: ER-CIND-FAZ-BELA VISTA-RURAL | F65: PRESIDENTE DUTRA | G65: EM EXECUÇÃO | H65: VERIFICAR SE ESTÁ EM ÁREA DE APP NO GEOBAHIA | I65: GIORLAN EVANGELISTA SOUZA - NTS063576 | J65: RENATO ALVES DE OLIVEIRA GONCALVES - NTS467500 | K65: JARBAS LIMA VIEIRA - U348612 | L65: PLANO 14.4.12.1-LPT | M65: QLP | N65: 27/10/25 | O65: OBRA APITA PARA CONSTRUÇÃO, | P65: 27/10/25 | Q65: 27/10/25 | S65: 2025-134403 | T65: 01/12/2025 | U65: 2025-138904 | V65: 2025-134464 | W65: 01/12/2025 | X65: N/A | AA65: 1041822 | AB65: E903681 AO E903703 | AC65: 1 | AD65: 1 | AE65: 23 | AF65: 23 | AH65: 23 | AI65: 0% | AJ65: 100,00% | AK65: 04/11/2025 | AL65: 12/11/2025 | AP65: E794492 | AQ65: -11.392045 | AR65: -42.000308 | AS65: R$ 170.474,55 | AU65: 2338 | BA65: IRC-01L2 | BB65: E23828 | BI65: E794492 | BK65: REVISADO APÓS ANÁLISE
A66: 9102340321 | B66: B-1231704 | E66: ER-CIND-POV-ANGICOS-RURAL | F66: XIQUE-XIQUE | G66: EM EXECUÇÃO | H66: APTA DE ACORDO PROJETO | I66: ESMERALDO DOS SANTOS OLIVEIRA - NTS551535 | J66: RENATO ALVES DE OLIVEIRA GONCALVES - NTS467500 | K66: JOSE EDUARDO GOMES DOS SANTOS LIMA - U468835 | L66: PLANO 7 | M66: JUDICIAL | N66: 28/10/25 | O66: OBRA APITA PARA CONSTRUÇÃO, | P66: 29/10/25 | Q66: 30/10/25 | S66: 2025-138942 | T66: 01/12/2025 | U66: N/A | V66: 2025-136100 | W66: 01/12/2025 | X66: N/A | AA66: 1042255 | AB66: E906216 AO E906257 E898313 AO E898317 | AE66: 41 | AF66: 9 | AH66: 41 | AI66: 0% | AJ66: 50,00% | AK66: 03/11/2025 | AL66: 30/11/2025 | AP66: E463623 | AQ66: -10,831900 | AR66: -42,539303 | AS66: R$ 292.247,67 | AU66: 2287 | BA66: RVD-01N1 | BB66: V33704 | BI66: E463624 | BJ66: ALTERAR ESTRUTURA DE N3 P/ N4 NO PG: E463624, FECHAR CHAVE NOVA PRÓXIMO AO PG: E463624 E ENERGIZAR OBRA. | BK66: REVISADO APÓS ANÁLISE
A67: 9102318500 | B67: B-1214123 | E67: IP-SEIN-RUA-JOAO DOURADO-NOVO CANAL | F67: JOÃO DOURADO | G67: EM EXECUÇÃO | I67: ALEX SANDRO SANTOS BISPO - NTS877502 | J67: DJALMA RIOS DA CRUZ - NTS411576 | K67: PEDRO ANDERSON NERI DE SOUZA - U465037 | L67: PLANO 7 | M67: GOVERNO | N67: 28/10/25 | O67: ALTERAR DERIVAÇÃO. EXTENDER A REDE BT PELOS POSTES DA SEQUENCIA B678842, B678843 | P67: 29/10/25 | Q67: 03/11/25 | S67: 2025-137899 | T67: 01/12/2025 | U67: N/A | V67: 2025-136118 | W67: 01/12/2025 | X67: N/A | AA67: 1042256 | AB67: E906345 AO E906399 | AC67: 0 | AD67: 0 | AE67: 54 | AF67: 50 | AG67: 47 | AH67: 7 | AI67: 87% | AJ67: 50,00% | AK67: 03/11/2025 | AL67: 30/11/2025 | AP67: B678842 | AQ67: -11.346185 | AR67: -41.639873 | AS67: R$ 356.724,26 | AU67: 2296 | BA67: ADD-01W3 | BB67: J15244 | BI67: B678841 | BJ67: MONTAR BANCADA PARA TRAFO NO PG: B678841, INTERCALAR POSTE AT C/ N1 ENTRE OS PG: Q121336, FECHAR CHAVE DO TRAFO E ENERGIZAR OBRA. | BK67: REVISADO APÓS ANÁLISE
A68: 9102341797 | B68: B-1230875 | C68: N/A | D68: N/A | E68: UB-CIND-RUA-HERMILINO MACHADO-URBANA | F68: BARRO ALTO | G68: ENERGIZADA | I68: JARBAS SOUZA AMORIM - NTS987502 | J68: HIAGO DE CIRQUEIRA PEREIRA - NTS449580 | K68: ALINE LIMA SILVA - U468383 | L68: PLANO 7 | M68: JUDICIAL | N68: 28/10/25 | O68: OBRA APITA PARA CONSTRUÇÃO DE ACORDO PROJETO | P68: 29/10/25 | Q68: 29/10/25 | S68: N/A | T68: N/A | U68: N/A | V68: 2025-135803 | W68: 01/12/2025 | X68: N/A | AC68: 1 | AD68: 0 | AE68: 4 | AF68: 4 | AG68: 4 | AH68: 0 | AI68: 100% | AJ68: 100,00% | AK68: 03/11/2025 | AL68: 04/11/2025 | AN68: 03/11/25 | AO68: 2025-11-5958 | AP68: E549156 | AQ68: -11.761734 | AR68: -41.900450 | AS68: R$ 12.278,16 | AU68: 2292 | BA68: IBB-01Y7 | BB68: N05971 | BI68: E549156 | BK68: REVISADO APÓS ANÁLISE
A69: 9102345879 | B69: B-1232945 | C69: B-1235747 | D69: B-1235754 | E69: ER-CIND-POV-ALEIXO-RURAL | F69: IBIPEBA | G69: ENERGIZADA | I69: IRISMAR MARQUES SILVA - NTS493543 | J69: HIAGO DE CIRQUEIRA PEREIRA - NTS449580 | K69: ALINE LIMA SILVA - U468383 | L69: PLANO 14.4.12.1-LPT | M69: JUDICIAL | N69: 28/10/25 | O69: OBRA APITA PARA CONSTRUÇÃO DE ACORDO PROJETO | P69: 29/10/25 | Q69: 29/10/25 | S69: N/A | T69: N/A | U69: N/A | V69: 2025-135805 | W69: 01/12/2025 | X69: N/A | AA69: 1042199 | AB69: E905895 AO E905902 | AC69: 5 | AD69: 3 | AE69: 8 | AF69: 8 | AG69: 8 | AH69: 0 | AI69: 100% | AJ69: 100,00% | AK69: 05/11/2025 | AL69: 11/11/2025 | AN69: 05/11/25 | AO69: 2025-11-12205 | AP69: E788145 | AQ69: -11.662674 | AR69: -42.010983 | AS69: R$ 40.752,69 | AU69: 2290 | BA69: IBB-01Y7 | BB69: E22379 | BI69: E788145 | BK69: REVISADO APÓS ANÁLISE
A70: 9101781330 | B70: B-1052871 | C70: X-1052872 | D70: X-1053459 | E70: MP-CCOL-ET-MORRO DO HIGINO-RURAL | F70: JUSSARA | G70: PROGRAMADA | I70: ALAN NUNES BARRETO - NTS415566 | J70: DJALMA RIOS DA CRUZ - NTS411576 | K70: JARBAS LIMA VIEIRA - U348612 | L70: PLANO 14 | M70: JUDICIAL | N70: 04/11/25 | O70: INTERCALAR POSTE 11600 CONFORME PROJETO. | P70: 05/11/25 | Q70: 08/11/25 | S70: 2025-143074 | T70: 09/12/2025 | U70: N/A | V70: 2025-143099 | W70: 09/12/2025 | X70: N/A | AA70: 1042729 | AB70: E910216 AO E910241 | AC70: 14 | AD70: 1 | AE70: 48 | AH70: 48 | AI70: 0% | AJ70: 90,00% | AP70: Q183512 | AQ70: -11.140086 | AR70: -41.966723 | AS70: R$ 187.830,77 | AU70: 2366 | BA70: IRC-01L7 | BB70: J08964 | BI70: Q182811 | BJ70: INTERCALAR POSTE AT COM N4-3 ENTRE OS PG: Q182811 - Q182812, FECHAR CHAVE NOVA PRÓXIMO AO PG: Q182811 E ENERGIZAR OBRA. | BK70: 2025-143099
B71: B-1076231 | E71: MP-CCOL - ET XIQUE XIQUE A BARRA RURAL | F71: XIQUE-XIQUE | G71: CANCELADA | H71: POSSIVELMENTE CONSTRUIDA , RETIRAR DA CARTEIRA | I71: ENES RAMOS DA SILVA - NTS084535 | J71: RENATO ALVES DE OLIVEIRA GONCALVES - NTS467500 | K71: JOSE EDUARDO GOMES DOS SANTOS LIMA - U468835 | L71: PLANO 7 | M71: QLP | X71: N/A | AE71: 47 | AH71: 0 | AI71: 0% | AJ71: 90,00% | AP71: B668042 | AQ71: -10.980317 | AR71: -42.722359 | BA71: XIQ-09V2 | BB71: G37716 | BI71: B668041 | BJ71: ALTERAR ESTRUTURA DE N3 P/ N4 NO PG: B668041, FECHAR CHAVE NOVA PRÓXIMO AO PG: B668041 E ENERGIZAR OBRA. | BK71: .
A72: 9102057060 | B72: B-1201802 | E72: RR-CIND-FAZ-PAU DARCO-RURAL | F72: LAPÃO | G72: EM EXECUÇÃO | I72: GIORLAN EVANGELISTA SOUZA - NTS063576 | J72: RENATO ALVES DE OLIVEIRA GONCALVES - NTS467500 | K72: JHONATAN MARANHAO - U617542 | L72: PLANO 7 | M72: QLP | N72: 04/11/25 | O72: ENCABEÇAR REDE CONFORME PROJETO. | P72: 04/11/25 | Q72: 05/11/25 | S72: 2025-140375 | T72: 05/12/2025 | U72: N/A | V72: 2025-140430 | W72: 05/12/2025 | X72: N/A | AA72: 1042731 | AB72: E910242 AO E910260 E815282 AO E815286 | AC72: 2 | AE72: 24 | AF72: 12 | AH72: 24 | AI72: 0% | AJ72: 90,00% | AP72: B896862 | AQ72: -11,425907 | AR72: -41,786496 | AS72: R$ 182.213,95 | AU72: 2338 | AW72: 0,56 | BA72: IAS-01M1 | BB72: V47712 | BI72: B896863 | BJ72: ALTERAR ESTRUTURA DE N3 P/ N4 NO PG: B896863, FECHAR CHAVE NOVA PRÓXIMO AO PG: B099445 E ENERGIZAR OBRA. | BK72: .
A73: 9102348341 | B73: B-1232634 | E73: ER-CIND-POV-BEBEDOURO DE ALMAS-ALMAS | F73: ITAGUAÇU DA BAHIA | G73: PROGRAMADA | I73: ESMERALDO DOS SANTOS OLIVEIRA - NTS551535 | J73: RENATO ALVES DE OLIVEIRA GONCALVES - NTS467500 | K73: JOSE EDUARDO GOMES DOS SANTOS LIMA - U468835 | L73: PLANO 7 | M73: QLP | N73: 04/11/25 | O73: OBRA APITA PARA CONSTRUÇÃO. | P73: 05/11/25 | Q73: 06/11 | S73: 2025-143075 | T73: 09/12/2025 | U73: N/A | V73: 2025-143104 | W73: 09/12/2025 | X73: N/A | AA73: 1042732 | AB73: E910261 AO E910294 | AE73: 34 | AH73: 34 | AI73: 0% | AJ73: 90,00% | AP73: E738428 | AQ73: -10,944534 | AR73: -42,174867 | AS73: R$ 277.162,30 | AU73: 2287 | BA73: RVD-01N1 | BB73: G35275 | BI73: E738428 | BJ73: MONTAR BANCADA COM N3 NO PG: E738428, FECHAR CHAVE NOVA PRÓXIMO AO PG: E738428 E ENERGIZAR OBRA. | BK73: 2025-143104
A74: 9102351265 | B74: B-1233382 | E74: ER-CIND-RUA-PERNAMBUCO-RURAL | F74: LAPÃO | G74: EM EXECUÇÃO | I74: ENES RAMOS DA SILVA - NTS084535 | J74: RENATO ALVES DE OLIVEIRA GONCALVES - NTS467500 | K74: JHONATAN MARANHAO - U617542 | L74: PLANO 7 | M74: QLP | N74: 04/11/25 | O74: ENCABEÇAR REDE CONFORME PROJETO. | P74: 04/11/25 | Q74: 05/11/25 | S74: 2025-142690 | T74: 08/12/2025 | U74: N/A | V74: 2025-142700 | W74: 08/12/2025 | X74: N/A | AA74: 1042736 | AB74: E910295 AO E910325 | AE74: 31 | AF74: 31 | AG74: 12 | AH74: 19 | AI74: 39% | AJ74: 90,00% | AP74: E851848 | AQ74: -11,531419 | AR74: -41,778071 | AS74: R$ 229.055,26 | AU74: 2288 | BA74: IAS-01M4 | BB74: E75221 | BI74: E851848 | BJ74: ALTERAR ESTRUTURA DE N3 P/ N4 NO PG: E851848, FECHAR CHAVE NOVA PRÓXIMO AO PG: E851848 E ENERGIZAR OBRA. | BK74: .
A75: 9102346893 | B75: B-1233352 | E75: ER-CIND-POV-FELIX-RURAL | F75: AMÉRICA DOURADA | G75: PROGRAMADA | H75: SEM MAGNÉTICO / LEVANTAMENTO | I75: ALEX SANDRO SANTOS BISPO - NTS877502 | J75: DJALMA RIOS DA CRUZ - NTS411576 | K75: JOSE EDUARDO GOMES DOS SANTOS LIMA - U468835 | L75: PLANO 7 | M75: QLP | N75: 05/11/25 | O75: INTERCALAR POSTE 11/600N1-3 CONFORME PROJETO | P75: 05/11/25 | Q75: 06/11/25 | S75: 2025-143077 | T75: 09/12/2025 | U75: N/A | V75: 2025-143105 | W75: 09/12/2025 | X75: N/A | AA75: 1042741 | AB75: E910326 AO E910367 | AE75: 41 | AH75: 41 | AI75: 0% | AJ75: 90,00% | AP75: D065549 | AQ75: -11,368254 | AR75: -41,420982 | AS75: R$ 338.006,34 | AU75: 2296 | BA75: AMD-01N2 | BB75: J53770 | BI75: D065549 | BJ75: INTERCALAR POSTE AT COM N1-3 ENTRE OS PG: D065549 - D065550, FECHAR CHAVE NOVA PRÓXIMO AO PG: D065549 E ENERGIZAR OBRA. | BK75: 2025-143105
A76: 9102349415 | B76: B-1233067 | E76: ER-CIND-FAZ-LAGOA DA SERRA-RURAL MOD | F76: MORRO DO CHAPÉU | G76: PROGRAMADA | H76: SEM MAGNÉTICO OBRA CARTEIRA DEZ/25 - EXECUÇÃO ANTECIPADA | I76: ENES RAMOS DA SILVA - NTS084535 | J76: RENATO ALVES DE OLIVEIRA GONCALVES - NTS467500 | K76: JOSE EDUARDO GOMES DOS SANTOS LIMA - U468835 | L76: PLANO 7 | M76: QLP | AA76: 1043083 | AB76: E915205 AO E915257 | AE76: 53 | AH76: 53 | AI76: 0% | AS76: R$ 275.248,51 | AU76: 2288 | BK76: DEZEMBRO
A77: 9101866473 | B77: B-1062322 | E77: IS-DIST-POV CANARINA-RURAL | F77: BARRA DO MENDES | G77: PROGRAMADA | H77: OBRA CARTEIRA DEZ/25 - EXECUÇÃO ANTECIPADA | I77: ESMERALDO DOS SANTOS OLIVEIRA - NTS551535 | J77: RENATO ALVES DE OLIVEIRA GONCALVES - NTS467500 | K77: ALINE LIMA SILVA - U468383 | L77: PLANO 7 | M77: INTERV SEGURANÇA | N77: 06/10/25 | O77: REMOVER A REDE DE CIMA DAS CASAS CONFORME PROJETO. | P77: 07/11/25 | Q77: 07/11 | AB77: E906399 | AE77: 5 | AH77: 5 | AI77: 0% | AP77: Q121587 | AQ77: -12.215743 | AR77: -42.01724 | AS77: R$ 22.368,24 | AU77: 2287 | BA77: SEA-01X3 | BB77: G00304 | BI77: Q121587 | BJ77: INTERCALAR POSTE AT COM N4 ENTRE OS PG: Q121587 - Q121588, E ENERGIZAR OBRA. | BK77: DEZEMBRO
A78: 9101491098 | B78: B-0979203 | E78: UB-CIND-AVN JOÃO DURVAL CARNEIRO-GAMELEI | F78: BARRO ALTO | G78: PROGRAMADA | H78: OBRA CARTEIRA DEZ/25 - APARENTIMENTE JÁ EXECUTADA | I78: FELIPE PEREIRA ALVES - NTS633505 | J78: RENATO ALVES DE OLIVEIRA GONCALVES - NTS467500 | K78: ALINE LIMA SILVA - U468383 | L78: PLANO 7 | M78: QLP | AE78: 3 | AH78: 3 | AI78: 0% | AP78: A490614 | AQ78: -11.909983 | AR78: -41.74357 | AS78: R$ 25.671,70 | AU78: 2289 | BA78: MGM-09Z3 | BB78: G29457 | BI78: A490612 | BJ78: EM CONJUNTO COM DESLIGAMENTO PARA SUBSTITUIR POSTE AT NO PG: A490612 POR POSTE 12/600 C/ TRAFO E ENERGIZAR OBRA. | BK78: DEZEMBRO
A79: 9102351699 | B79: B-1232632 | E79: ER-CIND-POV-POCO GRANDE 325-RURAL | F79: BARRA DO MENDES | G79: PROGRAMADA | H79: OBRA CARTEIRA DEZ/25 - EXECUÇÃO ANTECIPADA | I79: JARBAS SOUZA AMORIM - NTS987502 | J79: HIAGO DE CIRQUEIRA PEREIRA - NTS449580 | K79: ALINE LIMA SILVA - U468383 | L79: PLANO 7 | M79: QLP | N79: 06/10/25 | O79: ENCABEÇAR REDE CONFORME PROJETO. APENAS ROLDANA, ALÇA E CONECTORES. | P79: 07/11/25 | Q79: 07/11/25 | AB79: E810376 AO E810378 | AE79: 3 | AH79: 3 | AI79: 0% | AP79: D689421 | AQ79: -11.920686 | AR79: -42.03913 | AS79: R$ 15.619,51 | AU79: 2292 | BA79: IBB-01Y2 | BB79: N36599 | BI79: D689421 | BJ79: ENCABEÇAR RD BT NO PG: D689421 E ENERGIZAR OBRA. | BK79: DEZEMBRO
A80: 9102342379 | B80: B-1232761 | E80: ER-CIND-RUA-JUSCELIA-CONQUISTA | F80: CAFARNAUM | G80: PROGRAMADA | H80: OBRA CARTEIRA DEZ/25 - EXECUÇÃO ANTECIPADA | I80: WILIAN DA SILVA SENA - NTS032577 | J80: DJALMA RIOS DA CRUZ - NTS411576 | K80: MANOEL MESSIAS ALENCAR - U359765 | L80: PLANO 7 | M80: QLP | N80: 05/11/25 | O80: OBRA APITAR PARA CONSTRUÇÃO CONFORME PROJETO | P80: 06/11/25 | Q80: 07/11/25 | AE80: 3 | AH80: 3 | AI80: 0% | AP80: D080061 | AQ80: -11,817043 | AR80: -41,506068 | AS80: R$ 15.364,73 | AU80: 2294 | BA80: MGM-09Z5 | BB80: H35541 | BI80: D080061 | BJ80: ENCABEÇAR RD BT NO PG: D080061 E ENERGIZAR OBRA. | BK80: DEZEMBRO
A81: 9102344414 | B81: B-1233152 | E81: ER-CIND-POV-BARAUNAS 4678-BARAUNAS | F81: CAFARNAUM | G81: PROGRAMADA | H81: OBRA CARTEIRA DEZ/25 - EXECUÇÃO ANTECIPADA | I81: MARCOS PAULO CARDOSO - NTS647589 | J81: HIAGO DE CIRQUEIRA PEREIRA - NTS449580 | K81: MANOEL MESSIAS ALENCAR - U359765 | L81: PLANO 7 | M81: QLP | N81: 05/11/25 | O81: OBRA APITAR PARA CONSTRUÇÃO CONFORME PROJETO | P81: 06/11/25 | Q81: 06/11/25 | AB81: E815289 AO E815290 | AE81: 2 | AH81: 2 | AI81: 0% | AP81: D750015 | AQ81: -11,687142 | AR81: -41,522492 | AS81: R$ 17.711,10 | AU81: 2336 | BA81: JDO-01J1 | BB81: J15677 | BI81: Q123409 | BJ81: ENCABEÇAR RD BT NO PG: Q123409 E ENERGIZAR OBRA. | BK81: DEZEMBRO
A82: 9102340969 | B82: B-1233323 | E82: ER-CIND-RUA-PEDRO TELES-LOT CAFARNAUM | F82: CAFARNAUM | G82: PROGRAMADA | H82: OBRA CARTEIRA DEZ/25 - EXECUÇÃO ANTECIPADA | I82: EDMILSON RIBEIRO DO NASCIMENTO - NTS354575 | J82: HIAGO DE CIRQUEIRA PEREIRA - NTS449580 | K82: MANOEL MESSIAS ALENCAR - U359765 | L82: PLANO 7 | M82: QLP | N82: 05/11/25 | O82: OBRA APITAR PARA CONSTRUÇÃO CONFORME PROJETO | P82: 06/11/25 | Q82: 06/11/25 | AB82: E815267 AO E815268 | AE82: 2 | AH82: 2 | AI82: 0% | AP82: D686703 | AQ82: -11,703122 | AR82: -41,471645 | AS82: R$ 12.458,68 | AU82: 2298 | BA82: AMD-01N1 | BB82: W00500 | BI82: D686703 | BJ82: ENCABEÇAR RD BT NO PG: D686703 E ENERGIZAR OBRA. | BK82: DEZEMBRO
A83: 9102346492 | B83: B-1234061 | E83: IT-CIND-POV-CAFARNAUNZINHO-RURAL | F83: CAFARNAUM | G83: PROGRAMADA | H83: OBRA CARTEIRA DEZ/25 - EXECUÇÃO ANTECIPADA | I83: ESMERALDO DOS SANTOS OLIVEIRA - NTS551535 | J83: RENATO ALVES DE OLIVEIRA GONCALVES - NTS467500 | K83: MANOEL MESSIAS ALENCAR - U359765 | L83: PLANO 7 | M83: QLP | N83: REVISITAR | O83: NOTA: O PONTO DE ENTREGA E DENTRO DA SUBESTAÇÃO DA CHESF._x000D_ TEM QUE AJENDAR A VISITA | P83: 13/11/25 | Q83: 13/11/25 | S83: 2025-146138 | T83: 14/12/2025 | AE83: 1 | AH83: 1 | AI83: 0% | AP83: E163996 | AQ83: -11,716316 | AR83: -41,400588 | AS83: R$ 9.546,47 | AU83: 2287 | BA83: AMD-01N1 | BB83: V13854 | BI83: E163996 | BJ83: INTERCALAR POSTE AT COM N1-3 ENTRE OS PG: E163996 - E163997, E ENERGIZAR OBRA. | BK83: DEZEMBRO
J84: #N/A | AU84: #N/A
J85: #N/A | AU85: #N/A
J86: #N/A | AH86: 0 | AI86: 0% | AU86: #N/A
AU87: #N/A
